0,にゃんこ福引
1,モンハン大狩猟クエスト
2,ねば～る君＆にゃんパズル
3,2016にゃんこ福引
4,2017春にゃんこ福引
5,2017GWにゃんこ福引
6,2017梅雨にゃんこ福引
7,2017夏にゃんこ福引
8,2017銀週間にゃんこ福引
9,2018正月にゃんこ福引
10,2018受験にゃんこ福引
11,2018GWにゃんこ福引
12,ビックリマン
13,ビックリマン
14,ねこのなつやすみ
15,めざせGI にゃんこ競馬
16,箱の中身クイズ
17,春節
18,トキメキにゃんこ学園
19,悪魔のジューンブライド
20,ねこのなつやすみ
21,10周年メモリアル
22,春節(TW版春節)
23,トキメキにゃんこ学園
24,悪魔のジューンブライド
25,猜猜我是誰 (TW版箱の中身クイズ)
26,ねこのなつやすみ
27,ネコメダル王の館
28,春節
29,悪魔のジューンブライド
30,10週年大回顧活動轉蛋(TW版10周年メモリアル)
31,ねこのなつやすみ
32,ねこのなつやすみサバイバル
33,ビックリマン
34,ハロウィンパーティー
35,春節(TW版？)
36,春節
37,トキメキにゃんこ学園
38,プレミアムフェア
39,範馬刃牙
40,ねこのなつやすみサバイバル
41,ねこのなつやすみパラダイス
42,ダウンロード記念スペシャル
43,貓咪的暑假享樂天堂(TW版ねこのなつやすみパラダイス)
44,ハロウィンパーティ
45,にゃんこレンジャー
46,春節
47,トキメキにゃんこ学園
48,ダウンロード記念スペシャル
