0,にゃんこガチャ
1,キャンペーン限定にゃんこガチャ
2,キャンペーン限定にゃんこガチャ
3,マタタビガチャ
4,ネコビタン入りアイテムガチャ
5,キャッツアイ入りアイテムガチャ
6,福引ガチャ
7,福引ガチャG
8,福引ガチャ
9,福引ガチャG
10,福引ガチャ
11,福引ガチャG
12,福引ガチャG
13,福引ガチャG
14,福引ガチャG
15,福引ガチャG
16,福引ガチャ
17,福引ガチャ
18,福引ガチャG
19,福引ガチャG
20,福引ガチャ
21,福引ガチャG
22,福引ガチャ
23,福引ガチャG
24,福引ガチャG
25,福引ガチャ
26,福引ガチャ
27,福引ガチャG
28,福引ガチャG
29,福引ガチャG
30,福引ガチャ
31,福引ガチャ
32,福引ガチャG
33,福引ガチャG
34,福引ガチャG
35,福引ガチャG
36,福引ガチャ
37,福引ガチャG
38,福引ガチャG
39,福引ガチャ
40,福引ガチャ
41,福引ガチャG
42,福引ガチャG
43,福引ガチャG
44,福引ガチャG
45,福引ガチャ
46,福引ガチャG
47,福引ガチャ
48,福引ガチャG
49,福引ガチャ
50,福引ガチャG
51,福引ガチャ
52,福引ガチャG
53,福引ガチャG
54,福引ガチャ
55,福引ガチャG
56,福引ガチャG
57,福引ガチャ
58,福引ガチャ
59,福引ガチャG
60,福引ガチャG
61,福引ガチャG
62,福引ガチャ
63,福引ガチャG
64,にゃんこガチャ＋
65,キャッツアイ入りアイテムガチャ
