-4,全イベントステージ
-3,0レジェ
-2,真レジェ
-1,旧レジェ
0,スピードアップセール
1,トレジャーレーダーセール
2,ネコボンセール
3,ニャンピュータセール
4,おかめはちもくセール
5,スニャイパーセール 
6,経験値Aセール
7,経験値Bセール
8,経験値Cセール
9,経験値Dセール
10,経験値Eセール
50,出陣スロット半額
51,EXキャラ半額セール
52,必要XP1/2キャンペーン
53,水曜にゃんこDAY 必要XP1/2キャンペーン
100,トレジャーフェスティバル(日本編)
101,トレジャーフェスティバル(未来編)
102,必要統率力半減
103,報酬リセット
104,トレジャーフェスティバル(宇宙編)
105,統率力回復広告&ガマトト袋広告
106,ゴールド会員
107,にゃんこ神社
108,XP2倍広告
109,コンテニュー広告
110,福引チケット広告
111,XP+10000広告
112,統率力リターン↓↓
300,
301,ガチャ半額リセット（単発）
302,ガチャ半額リセット（11連）
700,ネコビタンAセール
701,ネコビタンBセール
702,ネコビタンCセール
1000,月曜ステージ
1001,火曜ステージ
1002,水曜ステージ
1003,木曜ステージ
1004,金曜ステージ
1005,土日ステージ(旧)
1006,にゃんチケ★チャンス！
1007,逆襲のカバちゃん
1008,秋だよ運動会！(旧)
1009,勤労感謝スペシャル！
1010,なんとクリスマスが来た！
1011,新年、あけました！おめっ...
1012,召喚された福！
1013,雛壇の戦士達
1014,紅のカタストロフ
1015,ダークネスヘブン
1016,国士無双
1017,狂乱のネコ降臨
1018,狂乱のタンク降臨
1019,狂乱のバトル降臨
1020,狂乱のキモネコ降臨
1021,狂乱のウシ降臨
1022,狂乱のトリ降臨
1023,狂乱のフィッシュ降臨
1024,狂乱のトカゲ降臨
1025,狂乱の巨神降臨
1026,春だよ！高校教師
1027,土日ステージ
1028,ゲリラ経験値にゃ！
1029,コイの五月病
1030,禁断の花嫁
1031,だって夏じゃニャーイ！
1032,あの世からの帰省ラッシュ！
1033,月イベントオールスターズ スペシャル記念！
1034,月イベントオールスターズ ウルトラ記念！
1035,月イベントオールスターズ ミラクル記念！
1036,町でみたすごい老人
1037,韓国版☆特別ステージ
1038,秋だよ運動会！
1039,天罰
1040,バースデープレゼント！その1
1041,バースデープレゼント！その2
1042,バースデープレゼント！その3
1043,鉄子の部屋
1044,ことよろにゃ！
1045,開眼の女優襲来！
1046,開眼のカンフー襲来！
1047,開眼のMr.襲来！
1048,開眼の猫縛り襲来！
1049,開眼の女王猫襲来！
1050,開眼の箱詰め襲来！
1051,開眼のパンツ襲来！
1052,開眼のリンリン襲来！
1053,開眼の忍者襲来！
1054,開眼のゾンビ襲来！
1055,開眼のさむらい襲来！
1056,開眼のスモウ襲来！
1057,開眼のフィーバー襲来！
1058,開眼のスカート襲来！
1059,超ゲリラ経験値にゃ！
1060,バレンタインVSホワイトデー大戦争(旧)
1061,闇討ち 1st(旧)
1062,闇討ち 2nd(旧)
1063,闇討ち 3rd(旧)
1064,闇討ち Last(旧)
1065,とびだす！にゃんこ大戦争
1066,絶望異次元
1067,TWその１
1068,2000万ダウンロード記念 ハッピープレゼント！
1069,極ムズカーニバル！
1070,月イベントオールスターズ ワンダフル記念！
1071,EN１
1072,王道ハロウィン到来！(旧)
1073,ゲリラ月曜ステージ
1074,ゲリラ火曜ステージ
1075,ゲリラ水曜ステージ
1076,ゲリラ木曜ステージ
1077,ゲリラ金曜ステージ
1078,逆襲のカオル君
1079,イベントオールスターズ エクセレント記念！
1080,バースデープレゼント！
1081,赤鼻サンタのプレゼント！(旧)
1082,ことよろにゃ！(ΦωΦ)
1083,開眼のにゃんこ成人襲来！
1084,開眼の吾輩は鬼である襲来！
1085,開眼のひなにゃんこ襲来！
1086,開眼のネコ乙女襲来！
1087,開眼のマジでコイしてる襲来！
1088,開眼のマダム・ザ・花嫁襲来！
1089,開眼の女王様の休日襲来！
1090,開眼のうらめしにゃん襲来！
1091,開眼のカンフーにゃんこＧ襲来！
1092,開眼のネコ運動会襲来！
1093,開眼のネコリーマン襲来！
1094,開眼のトナカイフィッシュ襲来！
1095,断罪天使クオリネル降臨
1096,緊急爆風警報
1097,進化の緑マタタビ
1098,進化の紫マタタビ
1099,進化の赤マタタビ
1100,進化の青マタタビ
1101,進化の黄マタタビ
1102,大狂乱のネコ降臨
1103,大狂乱のタンク降臨
1104,大狂乱のバトル降臨
1105,大狂乱のキモネコ降臨
1106,大狂乱のウシ降臨
1107,大狂乱のトリ降臨
1108,大狂乱のフィッシュ降臨
1109,大狂乱のトカゲ降臨
1110,大狂乱の巨神降臨
1111,弱り目に祟り目
1112,神判の日
1113,協賛BitSummit記念！
1114,オーバーテクノロジー
1115,ときめき夏祭り
1116,謎の宅配便
1117,地獄門
1118,マタタビチャレンジ
1119,女帝飛来
1120,極ムズカーニバル2！
1121,文化祭グルメ戦争(旧)
1122,ローリングデッド
1123,バースデープレゼント！
1124,極ゲリラ経験値にゃ！
1125,にゃんこ雪まつり
1126,ことよろにゃ！(ΦωΦ)
1127,２２２ ～猫の日～(旧)
1128,亡者デブウ降臨
1129,謎のイースター
1130,開眼のちびネコ襲来！
1131,開眼のちびタンクネコ襲来！
1132,開眼のちびバトルネコ襲来！
1133,開眼のちびキモネコ襲来！
1134,開眼のちびウシネコ襲来！
1135,開眼のちびネコノトリ襲来！
1136,開眼のちびネコフィッシュ襲来！
1137,開眼のちびネコトカゲ襲来！
1138,開眼のちびネコ巨神襲来！
1139,謎のプレゼント
1140,黄金週間ゴールデンウィーク
1141,協賛BitSummit記念！
1142,じめじめなめなめ大進撃！(旧)
1143,開眼のにゃんこカート襲来！
1144,開眼のネコンドー襲来！
1145,3000万ダウンロード記念 ハッピープレゼント！
1146,イベントオールスターズ グレイト記念！
1147,謎のプレゼント2
1148,開眼のネコフラワー襲来！
1149,サマーレッスン
1150,レンガと宇宙石の洞窟
1151,備長炭と謎の骨の島
1152,羽根と歯車と黄金の岬
1153,開眼のにゃんこバーガー襲来！
1154,秋色シルバーウィーク
1155,超極ゲリラ経験値にゃ！
1156,バースデープレゼント！
1157,絶望新次元
1158,チワワン伯爵降臨
1159,ことよろにゃ！(ΦωΦ)
1160,がんばれ！受験大戦争
1161,狂乱のもねこ降臨
1162,進化の古代マタタビ
1163,協賛BitSummit記念！
1164,じめじめなめなめ大進撃！
1165,続・禁断の花嫁
1166,だって超夏じゃニャーイ！
1167,あの世へのUターンラッシュ！
1168,町でみたすごい老人２
1169,絶・紅のカタストロフ
1170,夜だよ！大運動会
1171,働き方レボリューション
1172,絶・ダークネスヘブン
1173,大逆襲のメタックマ
1174,文化祭グルメ戦争
1175,宇宙からもクリスマスが来た！
1176,絶・国士無双
1177,夜は短し夢みよ乙女
1178,赤狩り 1st(旧)
1179,赤狩り 2nd(旧)
1180,赤狩り 3rd(旧)
1181,赤狩り Last(旧)
1182,イベントオールスターズ スーパープレゼントDX
1183,バースデープレゼント！
1184,新年、あけてました。おめっ...
1185,絶・天罰
1186,さらに召喚された福！
1187,絶・鉄子の部屋
1188,ことよろにゃ！(ΦωΦ)
1189,台風零号
1190,極ムズカーニバル3！
1191,4000万ダウンロード記念 ハッピープレゼント！
1192,雛壇の戦士達SP
1193,絶・絶望異次元
1194,新・春だよ！高校教師
1195,絶・緊急爆風警報
1196,絶・断罪天使クオリネル降臨
1197,コイの五月病アゲイン
1198,絶・ローリングデッド
1199,絶・地獄門
1200,にゃんこグミ大戦争
1201,絶・女帝飛来
1202,協賛BitSummit記念！
1203,絶・絶望新次元
1204,謎の宅配便
1205,絶・亡者デブウ降臨
1206,ふたりで！にゃんこ大戦争
1207,絶・チワワン伯爵降臨
1208,大乱闘狂乱ファミリーズ
1209,にゃんにゃん記念日
1210,草原の決闘(旧)
1211,夕焼けの決闘(旧)
1212,星空の決闘(旧)
1213,砂浜の決闘(旧)
1214,絶・夜は短し夢みよ乙女
1215,ブルーインパクト
1216,バースデープレゼント！
1217,奈落門
1218,謎の宅配便
1219,聖者ポプウ降臨
1220,古王妃飛来
1221,ことよろにゃ！(ΦωΦ)
1222,進化の虹マタタビ
1223,2019年最多出演敵ベスト５！
1224,旧正月ステージ
1225,謎の宅配便
1226,ほの暗い沼の底から
1227,火口の決闘(旧)
1228,5000万ダウンロード記念 ハッピープレゼント！
1229,綺羅星ペロ降臨
1230,バースデープレゼント!
1231,死霊妖精クオリネム降臨
1232,はじめてのお遣い
1233,地図王の眠る島(旧)
1234,大乱闘 春イベスペシャル
1235,大乱闘 夏イベスペシャル
1236,大乱闘 秋イベスペシャル
1237,大乱闘 冬イベスペシャル
1238,タッグ闘技場 ルーキー(旧)
1239,タッグ闘技場 ビギナー(旧)
1240,タッグ闘技場 ベテラン(旧)
1241,タッグ闘技場 プロ(旧)
1242,タッグ闘技場 エキスパート(旧)
1243,絶・ほの暗い沼の底から
1244,バースデープレゼント!
1245,2020年最多出演敵ベスト５！
1246,破滅への序曲
1247,絶・台風零号
1248,海底の決闘(旧)
1249,ネコウエハース降臨
1250,終末ノ連戦場
1251,天使と般若
1252,女帝と亡者
1253,伯爵と乙女
1254,6000万ダウンロード記念 ハッピープレゼント！
1255,魔導書の示す場所
1256,異界のしもべ
1257,ネコの解放
1258,タンクネコの解放
1259,メガサターン
1260,熱血！大玉転がし
1261,熱血！障害物競走
1262,熱血！二人三脚バトル  低学年
1263,熱血！二人三脚バトル  中学年
1264,熱血！二人三脚バトル  高学年
1265,デーモンパーク
1266,バトルネコの解放
1267,韓国版専用お年玉襲来！
1268,ネコたちの解放
1269,女王の研究報告１
1270,女王の研究報告２
1271,女王の研究報告３
1272,誘惑のシンフォニー
1273,羅生門
1274,進化の悪マタタビ
1275,女王の研究報告４
1276,女王の研究報告５
1277,女王の発掘調査１
1278,女王の発掘調査２
1279,女王の発掘調査３
1280,女王の発掘調査４
1281,女王の発掘調査５
1282,Q1.箱の中身クイズ
1283,Q5.時の運クイズ
1284,バースデープレゼント！
1285,2021年最多出演敵ベスト５！
1286,お年玉襲来！
1287,闇討ちの戦い
1288,春節ハッピープレゼント！
1289,烈火の乱
1290,後輩からの本命チョコ
1291,先輩からの本命チョコ
1292,幼なじみからの本命チョコ
1293,中秋節ハッピープレゼント！
1294,ダミー
1295,ダミー
1296,絶・奈落門
1297,僕らのバレンタイン戦争
1298,Season2～トキメキ文化祭～
1299,Season3～修学旅行～
1300,Weekend～告白～
1301,Weekend～告白～
1302,Weekend～告白～
1303,Season4～卒業の日～
1304,7000万ダウンロード記念 ハッピープレゼント！
1305,亡者と河豚
1306,女帝と乙女
1307,伯爵と天使
1308,#03「13日は何曜日」
1309,#04「ネコ鳴村」
1310,決闘チャレンジ
1311,タッグ闘技チャレンジ
1312,密林の異変
1313,砂漠の怪異
1314,火山の脅威
1315,トントンムシ相撲 予選
1316,トントンムシ相撲 準々決勝
1317,トントンムシ相撲 準決勝
1318,トントンムシ相撲 決勝
1319,超極悪ゲリラ経験値にゃ！
1320,#02 お菓子争奪戦
1321,#04 恐怖の悪戯計画
1322,第2部 敵軍団行進
1323,第5部 名曲パレード
1324,バースデープレゼント!
1325,第一夜 働くニャンタクロース
1326,進化の虹獣石
1327,2022年最多出演敵ベスト５！
1328,8000万ダウンロード記念 ハッピープレゼント！
1329,After Story～卒業の日～
1330,Weekend～告白リベンジ～
1331,Weekend～告白リベンジ～
1332,Weekend～告白リベンジ～
1333,密林の異変Ⅱ
1334,砂漠の怪異Ⅱ
1335,火山の脅威Ⅱ
1336,アンデッドハザード
1337,開眼のネコエッグ襲来！
1338,絶・綺羅星ペロ降臨
1339,ちびネコ大試練
1340,大魔王ニャンダム大降臨
1341,バースデープレゼント
1342,絶・メガサターン
1343,#02「恐怖の披露宴」
1344,夏の終わり、宿題
1345,密林の異変Ⅲ
1346,砂漠の怪異Ⅲ
1347,火山の脅威Ⅲ
1348,三途の沼のヌシ大降臨
1349,機械の反乱軍
1350,極悪のネコ降臨
1351,極悪のタンク降臨
1352,極悪のバトル降臨
1353,極悪のキモネコ降臨
1354,極悪のウシ降臨
1355,極悪のトリ降臨
1356,極悪のフィッシュ降臨
1357,極悪のトカゲ降臨
1358,極悪の巨神降臨
1359,熱血！リレー大会
1360,第2章 ツボ洞窟の死闘
1361,第5章 わんわん城の戦い
1362,最終章 決戦！わんわん大王
1363,バースデープレゼント！
1364,第三夜  聖夜のプレゼント再配達
1365,2023年最多出演敵ベスト５！
1366,雪やわんわん
1367,春節セールの戦い
1368,9000万ダウンロード記念 ハッピープレゼント！
1369,厄災のわんわん王国
1370,バースデープレゼント！
1371,8888万ダウンロード記念
1372,週末ハネムーン 1週目
1373,週末ハネムーン 2週目
1374,週末ハネムーン 最終週
1375,絶・はじめてのお遣い
1376,大乱闘極悪ファミリーズ
1377,阿亀と赤子
1378,王子と死霊
1379,蜜江と聖者
1380,夏の夜、帰り道
1381,絶・聖者ポプウ降臨
1382,ジャングルサバイバル
1383,絶・古王妃飛来
1384,開眼のネコ屋台襲来！
1385,天下統一への道 ～前編～
1386,合戦！武将ニャンダム
1387,合戦！武将般若我王
1388,天下統一への道 ～後編～
1389,決戦！反逆の戦国魔王
1390,バースデープレゼント！
1391,超拳獣ブンナグリオス大降臨
1392,2024年思い出アルバム
1393,絶・死霊妖精クオリネム降臨
1394,ネコヴァルキリー大試練
1395,ネコムート大試練
1396,1億ダウンロード記念 ハッピープレゼント！
1397,チョコサプ降臨
1398,黒船来航
1399,赤船来航
1400,蒼船来航
1401,開国してください
1402,【限定】ご来店プレゼント！
1403,謎の宅配便
1404,絶・誘惑のシンフォニー
1405,破天候予報
1406,ジャンボーグ鈴木大降臨
1407,豪遊リゾートランド
1408,サウナスパで極楽
1409,1億1000万ダウンロード記念 ハッピープレゼント！
1410,大花火大会開催！
1411,ここはにゃんこ大商店！
1412,第1話 正義のヒーロー参上！
1413,第4話 秘密特訓
1414,第5話 宿敵再び
1415,第6話 襲い来る黒幕
1416,最終話 悪の終着点
1417,バースデープレゼント！
1418,2025年思い出アルバム
1419,2025年最多出演敵ベスト５！
1420,ほろ苦バレンタイン
1421,トリニティ大降臨
1422,進化のマタタビ
1423,After School～恋文～
1424,After School～恋文～
1425,After School～恋文～
1426,イースターふしぎ発掘！
1427,1億1111万ダウンロード記念 ハッピープレゼント！
1428,真の平和をかけた戦い
1429,パズルで豊作！にゃんこ村
1430,第4話 秘密特訓
1431,第5話 宿敵再び
1432,最終話 悪の終着点
2000,ふるさと自衛隊
2001,魅惑のプリンセス
2002,ケリ姫ステージ
2003,黎明期からの使者
2004,拡散性ミリオンアーサー
2005,ドラゴンポーカー
2006,ラスボス降臨!?
2007,地獄のメルクストーリア
2008,対決！メルクストーリア
2009,ドラゴンリーグ
2010,超激突！氣志團！！
2011,生きろ！マンボウ！(旧)
2012,開眼のドロイド襲来！
2013,消滅都市 ～第１章～(旧)
2014,消滅都市 ～第２章～(旧)
2015,消滅都市 ～第３章～(旧)
2016,極道大戦争
2017,逆襲のメルクストーリア(旧)
2018,開眼の癒術士襲来！
2019,モンハン大狩猟クエスト
2020,【緊急】モンハン大狩猟クエスト
2021,メタルスラッグディフェンス
2022,超メタルスラッグディフェンス
2023,神略！ゆるドラシル
2024,城とドラゴン
2025,開眼の城とドラゴン
2026,難攻不落の城とドラゴン
2027,まもるよネコさん
2028,開眼のタクヤとユキ(旧)
2029,なめこからの挑戦状
2030,ふてたネコあらわる
2031,魔法少女まどか☆マギカ
2032,魔女の結界
2033,魔女の結界
2034,魔女の結界
2035,ワルプルギスの夜
2036,突撃！キャットバスターズ
2037,開眼の歌謡にゃんこ襲来！
2038,ピコ太郎
2039,TWその２
2040,ナゾのウサギ登場!?
2041,ALICEの入り口
2042,月夜のオールドシティ
2043,開眼のケリ姫襲来！
2044,開眼の眠れるケリの美女襲来！
2045,失われし世界(旧)
2046,開眼のメルク襲来！
2047,開眼のティティ襲来！
2048,神秘のメルクストーリア(旧)
2049,ぐでぐでしてます
2050,どうせ食べられるだけだし
2051,ＴＷその３
2052,聖杯戦争の始まり
2053,激闘！セイバー襲来！
2054,激闘！ランサー襲来！
2055,激闘！アーチャー襲来！
2056,激闘！ライダー襲来！
2057,大激闘！ギルガメッシュ襲来！
2058,パワフル高校2年の夏
2059,ダイジョーブ博士の挑戦状
2060,デートステージ 猫塚かりん
2061,デートステージ 紺野美崎
2062,デートステージ 虹谷彩理
2063,デートステージ 片桐恋
2064,つくね荘からの挑戦状
2065,発進！エヴァンゲリオン
2066,決戦！ヤシマ作戦
2067,第９の使徒、襲来(旧)
2068,第１０の使徒、襲来(旧)
2069,ポコ森の仲間たち
2070,仲良し３人組
2071,太秦萌の通学
2072,松賀咲の通学
2073,小野ミサの通学
2074,地下鉄に乗るっ
2075,タマシイの都(旧)
2076,ぐでぐでしてて忙しい
2077,開眼のぐでたまにゃんこ襲来！
2078,城ドラ VS 城ドラ
2079,キモ激しく動くクマ
2080,ケットバス王国の教え
2081,偽りの見滝原
2082,女王暴走
2083,ヒカキン降臨
2084,開眼のヒカキン襲来！
2085,逆襲のメルクストーリア
2086,神秘のメルクストーリア
2087,超激闘！セイバーオルタ襲来！
2088,生きろ！マンボウ！
2089,３億匹の仲間はみな死んだ
2090,開眼の三原慧悟襲来
2091,Majimeowと一緒に台湾を巡ろう！
2092,聖魔大戦勃発！
2093,ビックリマンチョコ
2094,対決！魔幻モデル
2095,覚醒！ヤマト爆神
2096,ゆる～い！ねこ娘襲来！
2097,ゆる～いゲゲゲの鬼太郎
2098,消滅都市 ～ロストへ～(旧)
2099,天上の世界(旧)
2100,激闘！スイーツ大戦争
2101,開眼のチョコレート襲来！
2102,第１３号機、襲来(旧)
2103,高雄MRT レッドライン
2104,高雄MRT オレンジライン
2105,シャクレルプラネット
2106,ドットヒーローズ
2107,ストリートファイター EASY(旧)
2108,ストリートファイター NORMAL(旧)
2109,ストリートファイター HARD(旧)
2110,New Challenger(旧)
2111,New Challenger(旧)
2112,New Challenger(旧)
2113,New Challenger(旧)
2114,New Challenger(旧)
2115,New Challenger(旧)
2116,New Challenger(旧)
2117,New Challenger(旧)
2118,New Challenger(旧)
2119,New Challenger(旧)
2120,New Challenger(旧)
2121,New Challenger(旧)
2122,New Challenger(旧)
2123,New Challenger(旧)
2124,New Challenger(旧)
2125,７周年★東京スカイツリー
2126,初音ミク
2127,MIKU EXPO
2128,MIKU CHERRY
2129,ハマンボ崎あゆみ 強襲！(旧)
2130,MIKU EXPO（韓国版）
2131,MIKU CHERRY（韓国版）
2132,にゃんこ大泥棒
2133,U.F.O.襲来！
2134,初音ミクの誕生日！
2135,ストリートファイター EASY
2136,ストリートファイター NORMAL
2137,ストリートファイター HARD
2138,New Challenger(旧)
2139,New Challenger(旧)
2140,New Challenger(旧)
2141,New Challenger(旧)
2142,New Challenger(旧)
2143,New Challenger(旧)
2144,New Challenger(旧)
2145,New Challenger(旧)
2146,New Challenger(旧)
2147,New Challenger(旧)
2148,New Challenger(旧)
2149,New Challenger(旧)
2150,New Challenger(旧)
2151,New Challenger(旧)
2152,New Challenger(旧)
2153,New Challenger(旧)
2154,New Challenger(旧)
2155,New Challenger(旧)
2156,New Challenger(旧)
2157,New Challenger(旧)
2158,New Challenger(旧)
2159,New Challenger(旧)
2160,New Challenger(旧)
2161,New Challenger(旧)
2162,New Challenger(旧)
2163,SNOW MIKU
2164,波乱！天道道場
2165,伝説の呪泉郷
2166,消滅都市 ～ロストへ～
2167,開眼のタクヤとユキ
2168,失われし世界
2169,タマシイの都
2170,天上の世界
2171,決戦！巨大生物ゴジラ
2172,ゴジラ対にゃんこ
2173,魔法少女になってよ
2174,続・魔法少女になってよ
2175,魔女の結界 ～薔薇園の魔女～(旧)
2176,魔女の結界 ～お菓子の魔女～(旧)
2177,魔女の結界 ～ハコの魔女～(旧)
2178,くるみ割りの魔女
2179,秋華賞（ＧⅠ）
2180,菊花賞（ＧⅠ）
2181,天皇賞（秋）（ＧⅠ）
2182,有馬記念（ＧⅠ）
2183,高雄メトロ レッドライン
2184,高雄ライトレール
2185,協賛BitSummit記念！
2186,対決！玉狛第２のリーダー
2187,対決！玉狛第２のエース
2188,VS訓練用モールモッド
2189,New Challenger(旧)
2190,New Challenger(旧)
2191,New Challenger(旧)
2192,New Challenger(旧)
2193,ストリートファイター VERY HARD
2194,激闘！セイバー襲来！
2195,激闘！ランサー襲来！
2196,激闘！アーチャー襲来！
2197,激闘！ライダー襲来！
2198,大激闘！ギルガメッシュ襲来！
2199,救出！にゃんこ仮面ライダー
2200,救出！ゴジラにゃんこ
2201,救出！エヴァンゲリオンにゃんこ
2202,救出！ウルトラマンにゃんこ
2203,シン・にゃんこ・ヒーローズ
2204,開眼の赤髪のゆきにゃん襲来！
2205,第９の使徒、襲来(旧)
2206,第１０の使徒、襲来(旧)
2207,エヴァ第１３号機、襲来(旧)
2208,最終決戦　エヴァ第１３号機
2209,さらば、全てのにゃんこ。
2210,週末ライブ DAY1
2211,週末ライブ DAY2
2212,週末ライブ DAY1（韓国版専用）
2213,週末ライブ DAY2（韓国版専用）
2214,以諾時代
2215,対決！瘋頭！
2216,るろうに剣心
2217,剣心・緋村抜刀斎
2218,喧嘩の男・相楽左之助
2219,牙を剥く狼・斎藤一
2220,魔女の結界 ～薔薇園の魔女～
2221,魔女の結界 ～お菓子の魔女～
2222,魔女の結界 ～ハコの魔女～
2223,地上最強の男たち
2224,グリーンヒルゾーン
2225,ケミカルプラントゾーン
2226,スカイサンクチュアリ
2227,第９の使徒、襲来
2228,第１０の使徒、襲来
2229,エヴァ第１３号機、襲来
2230,New Challenger
2231,New Challenger
2232,New Challenger
2233,New Challenger
2234,New Challenger
2235,New Challenger
2236,New Challenger
2237,New Challenger
2238,New Challenger
2239,New Challenger
2240,New Challenger
2241,New Challenger
2242,New Challenger
2243,New Challenger
2244,New Challenger
2245,New Challenger
2246,New Challenger
2247,New Challenger
2248,New Challenger
2249,New Challenger
2250,New Challenger
2251,New Challenger
2252,New Challenger
2253,New Challenger
2254,New Challenger
2255,New Challenger
2256,New Challenger
2257,New Challenger
2258,New Challenger
2259,New Challenger
2260,New Challenger
2261,New Challenger
2262,New Challenger
2263,鬼殺隊 入隊試験
2264,那田蜘蛛山の戦い
2265,無限列車の戦い
2266,特別任務！鬼化クマ先生討伐
2267,特別任務！累討伐
2268,特別任務！魘夢討伐
2269,特別任務！猗窩座討伐
3000,日本編第1章
3001,日本編第2章
3002,日本編第3章
3003,未来編第1章
3004,未来編第2章
3005,未来編第3章
3006,宇宙編第1章
3007,宇宙編第2章
3008,宇宙編第3章
4000,進化素材ドロップEX
4001,進化素材ドロップEX
4002,進化素材ドロップEX
4003,進化素材ドロップEX
4004,進化素材ドロップEX
4005,弱り目に祟り目EX
4006,神判の日EX
4007,オーバーテクノロジーEX
4008,マタタビチャレンジEX
4009,マタタビチャレンジEX
4010,マタタビチャレンジEX
4011,マタタビチャレンジEX
4012,マタタビチャレンジEX
4013,マタタビチャレンジEX
4014,マタタビチャレンジEX
4015,マタタビチャレンジEX
4016,マタタビチャレンジEX
4017,マタタビチャレンジEX
4018,マタタビチャレンジEX
4019,マタタビチャレンジEX
4020,マタタビチャレンジEX
4021,狂乱のもねこ降臨EX
4022,進化の古代マタタビEX
4023,協賛BitSummit記念！EX
4024,協賛BitSummit記念！EX
4025,進化の虹マタタビ
4026,太古の力EX
4027,終末ノ連戦場EX
4028,終末ノ連戦場EX
4029,終末ノ連戦場EX
4030,終末ノ連戦場EX
4031,終末ノ連戦場EX
4032,終末ノ連戦場EX
4033,終末ノ連戦場EX
4034,終末ノ連戦場EX
4035,終末ノ連戦場EX
4036,終末ノ連戦場EX
4037,終末ノ連戦場EX
4038,終末ノ連戦場EX
4039,天使と般若EX
4040,女帝と亡者EX
4041,伯爵と乙女EX
4042,富士山EX
4043,進化素材ドロップEX
4044,進化素材ドロップEX
4045,進化素材ドロップEX
4046,進化素材ドロップEX
4047,時の運EX(天国)
4048,時の運EX(地獄)
4049,進化素材ドロップEX
4050,進化素材ドロップEX
4051,修学旅行ステージEX
4052,亡者と河豚EX
4053,女帝と乙女EX
4054,伯爵と天使EX
4055,狂乱のもねこ降臨EX
4056,#02「13日は何曜日」EX
4057,お年玉襲来！EX
4058,お年玉襲来！EX(韓国版)
4059,進化素材ドロップEX
4060,狩人の地図ⅣEX
4061,熱血！リレー大会EX1
4062,熱血！リレー大会EX2
4063,第2章 ツボーン洞窟　EXステージ
4064,進化素材ドロップEX
4065,阿亀と赤子EX
4066,王子と死霊EX
4067,蜜江と聖者EX
4068,イディ第3進化マップ
4069,古代賢者マップ
4070,天下統一への道 ～前編～EX
4071,天下統一への道 ～後編～EX
4072,2024年思い出アルバム ２戦目
4073,2024年思い出アルバム ３戦目
4074,ボーナスステージ
4075,嵐を呼ぶサバイバル　２戦目
4076,嵐を呼ぶサバイバル　３戦目
4077,第1話 正義のヒーロー参上！EX
4078,2025年思い出アルバム ２戦目
4079,2025年思い出アルバム ３戦目
4080,お年玉襲来！EX
5000,ガマトト（XP大収穫祭 初級）
5001,ガマトト（XP大収穫祭 中級）
5002,ガマトト（XP大収穫祭 上級）
5003,ガマトト（ねこの目洞窟）
5004,ガマトト (消滅都市)
5005,ガマトト (NERV本部)
5006,ガマトト (崩壊後の世界)
5007,ガマトト (不思議な泉)
5008,ガマトト（XP超収穫初級）
5009,ガマトト（XP超収穫中級）
5010,ガマトト（XP超収穫上級）
5012,ガマトト（XP大収穫祭 超上級）
5014,ガマトト（射撃訓練場）
5015,ガマトト（XP超収穫祭 超上級）
6000,初心の間
6001,ニコニコの間
7000,風雲にゃんこ塔
7001,にゃんこ別塔【赤】
7002,にゃんこ別塔【黒】
7003,にゃんこ別塔【天】
7004,にゃんこ別塔【蒼】
7005,にゃんこ別塔【屍】
7006,異界にゃんこ塔
7007,にゃんこ別塔【無】
7008,にゃんこ別塔【悪】
7009,にゃんこ別塔【古】
7010,黄金にゃんこ塔
7011,魅惑の堕天楼
8000,にゃんチケドロップステージを%d回クリアしよう<br>対象ステージは「にゃんこミッションとは？」を確認しよう（進行度%d/%d）
8001,XPドロップステージを%d回クリアしよう<br>対象ステージは「にゃんこミッションとは？」を確認しよう（進行度%d/%d）
8002,レジェンドストーリーを%d回クリアしよう<br>レジェンドストーリーのいずれかを5回クリアで達成（進行度%d/%d）
8003,ガマトトを探検に出発させて%d回探検終了させよう<br>いずれかのエリアで7回探検終了で達成（進行度%d/%d）
8004,ウィークリーミッションをすべてクリアしよう<br>今週のウィークリーミッション%dつすべて達成すると達成（進行度%d/%d）
8005,にゃんチケドロップステージを%d回クリアしよう<br>対象ステージは「にゃんこミッションとは？」をご確認下さい（進行度%d/%d）
8006,XPドロップステージを%d回クリアしよう<br>対象ステージは「にゃんこミッションとは？」をご確認下さい（進行度%d/%d）
8007,ガマトトを探検に出発させて%d回探検終了させよう<br>いずれかのエリアで10回探検終了で達成（進行度%d/%d）
8008,マタタビドロップステージを%d回クリアしよう<br>対象ステージは「にゃんこミッションとは？」をご確認下さい（進行度%d/%d）
8009,レジェンドストーリーを%d回クリアしよう<br>レジェンドストーリーのいずれかを10回クリアで達成（進行度%d/%d）
8010,ウィークリーミッションをすべてクリアしよう<br>今週のウィークリーミッション%dつすべてクリアすると達成（進行度%d/%d）
8011,ウィークリーミッションをすべてクリアしよう<br>今週のウィークリーミッション%dつすべてクリアすると達成（進行度%d/%d）
9000,風雲にゃんこ塔の30階をクリアしよう<br>※既に取得済みの方は取得できません,スペシャルミッションに<br>風雲にゃんこ塔ミッションが追加されたにゃ！
9001,「サマーレッスン」ステージを%d回クリアしよう<br>「サマーレッスン」内の全ステージがクリアカウントの対象（進行度%d/%d）
9002,「サマーレッスン」ステージを%d回クリアしよう<br>「サマーレッスン」内の全ステージがクリアカウントの対象（進行度%d/%d）
9003,「サマーレッスン」ステージを%d回クリアしよう<br>「サマーレッスン」内の全ステージがクリアカウントの対象（進行度%d/%d）
9004,レアキャラクターの「ネコ阿波踊り」を入手しよう<br>「ときめき夏祭り」ステージクリアでドロップすることがあります
9005,スペシャルミッションをすべてクリアしよう<br>夏イベントミッション%dつすべて達成すると達成（進行度%d/%d）
9006,「新たなる神話、始まる」でスコア5000を獲得しよう<br>ステージをクリアすることでスコアは記録されます
9007,「王都バルディア」でスコア5000を獲得しよう<br>ステージをクリアすることでスコアは記録されます
9008,「神々の遊び」でスコア5000を獲得しよう<br>ステージをクリアすることでスコアは記録されます
9009,「ヴァルハラ攻防戦」でスコア5000を獲得しよう<br>ステージをクリアすることでスコアは記録されます
9010,「終末到来！？にゃグナロク！」でスコア3000を獲得しよう<br>ステージをクリアすることでスコアは記録されます
9011,「秋色シルバーウィーク」ステージを%d回クリアしよう<br>「秋色シルバーウィーク」内の全ステージがクリアカウントの対象（進行度%d/%d）,スペシャルミッションに<br>秋色シルバーウィークミッションが追加されたにゃ！
9012,「秋色シルバーウィーク」ステージを%d回クリアしよう<br>「秋色シルバーウィーク」内の全ステージがクリアカウントの対象（進行度%d/%d）
9013,「秋色シルバーウィーク」ステージを%d回クリアしよう<br>「秋色シルバーウィーク」内の全ステージがクリアカウントの対象（進行度%d/%d）
9014,スペシャルミッションをすべてクリアしよう<br>「秋色シルバーウィーク」ミッション%dつすべて達成すると達成（進行度%d/%d）
9015,「オニ軍曹アレン・オニール」でスコア5000以上獲得しよう<br>ステージをクリアすることでスコアは記録されます,スペシャルミッションに<br>メタルスラッグコラボミッションが追加されたにゃ！
9016,「進撃のヒュージハーミット」でスコア5000以上獲得しよう<br>ステージをクリアすることでスコアは記録されます
9017,「ジュピターキングの護衛」でスコア5000以上獲得しよう<br>ステージをクリアすることでスコアは記録されます
9018,「デビルリバース・モーデン超激ムズ」でスコア3000以上獲得しよう<br>ステージをクリアすることでスコアは記録されます
9019,「祝!５周年!!」を%d回クリアしよう<br>ステージクリアしても翌日再出現し、ドロップ報酬もリセット（進行度%d/%d）,スペシャルミッションに<br>5周年記念ミッションが追加されたにゃ！
9020,「５周年記念大会」で5555点以上獲得しよう<br>ランキングステージはネコ道場から挑戦できます,スペシャルミッションに<br>5周年記念ランキングミッションが追加されたにゃ！
9021,「記念ネコ」を進化させよう<br>ミッション期間中に進化させないと達成済みになりません
9022,「校庭の激闘」ステージでスコア4000以上獲得しよう<br>ステージをクリアすることでスコアは記録されます,スペシャルミッションに<br>「Fate/stay night [HF]」コラボミッションが追加されたにゃ！
9023,「深夜の迎撃」ステージでスコア3500以上獲得しよう<br>ステージをクリアすることでスコアは記録されます
9024,「廃墟となった古城」ステージでスコア3000以上獲得しよう<br>ステージをクリアすることでスコアは記録されます
9025,「日常に潜む罠」ステージでスコア2500以上獲得しよう<br>ステージをクリアすることでスコアは記録されます
9026,「終わりの始まり」ステージでスコア1500以上獲得しよう<br>ステージをクリアすることでスコアは記録されます
9027,コラボ限定曜日ゲリラステージを%d回クリアしよう<br>各サーヴァント襲来！ステージの全てがクリアカウントの対象（進行度%d/%d)
9028,風雲にゃんこ塔の40階をクリアしよう<br>※既に取得済みの方は取得できません,スペシャルミッションに<br>風雲にゃんこ塔ミッションが追加されたにゃ！
9029,「サンタが町にやってくる」ステージでスコア2500以上獲得しよう<br>ステージをクリアすることでスコアは記録されます,スペシャルミッションに<br>クリスマスミッションが追加されたにゃ！
9030,「トナカイ一揆」ステージでスコア2000以上獲得しよう<br>ステージをクリアすることでスコアは記録されます
9031,「ムチ打たれた日々」ステージでスコア2000以上獲得しよう<br>ステージをクリアすることでスコアは記録されます
9032,「下剋上」ステージでスコア2000以上獲得しよう<br>ステージをクリアすることでスコアは記録されます
9033,「戦場のクリスマス」ステージでスコア1500以上獲得しよう<br>ステージをクリアすることでスコアは記録されます
9034,「にゃんこ雪まつり」ステージを%d回クリアしよう<br>「にゃんこ雪まつり」内の全ステージがクリアカウントの対象（進行度%d/%d）,スペシャルミッションに<br>にゃんこ雪まつりミッションが追加されたにゃ！
9035,「にゃんこ雪まつり」ステージを%d回クリアしよう<br>「にゃんこ雪まつり」内の全ステージがクリアカウントの対象（進行度%d/%d)
9036,「にゃんこ雪まつり」ステージを%d回クリアしよう<br>「にゃんこ雪まつり」内の全ステージがクリアカウントの対象（進行度%d/%d)
9037,「一回戦　初級」ステージでスコア3000以上獲得しよう<br>ステージをクリアすることでスコアは記録されます,スペシャルミッションに<br>実況パワフルプロ野球コラボミッションが追加されたにゃ！
9038,「二回戦　中級」ステージでスコア6000以上獲得しよう<br>ステージをクリアすることでスコアは記録されます
9039,「決勝戦　上級」ステージでスコア6500以上獲得しよう<br>ステージをクリアすることでスコアは記録されます
9040,潜入作戦!「CHOCO」ステージでスコア2000以上獲得しよう<br>ステージをクリアすることでスコアは記録されます,スペシャルミッションに<br>バレンタインミッションが追加されたにゃ！
9041,奪還作戦!「OKAESHI」ステージでスコア5000以上獲得しよう<br>ステージをクリアすることでスコアは記録されます
9042,「忘れ去られた愛」ステージでスコア6000以上獲得しよう<br>ステージをクリアすることでスコアは記録されます
9043,「がんばれ！受験大戦争」ステージを%d回クリアしよう<br>「がんばれ！受験大戦争」内の全ステージがクリアカウントの対象（進行度%d/%d）,スペシャルミッションに<br>がんばれ！受験大戦争ミッションが追加されたにゃ！
9044,「がんばれ！受験大戦争」ステージを%d回クリアしよう<br>「がんばれ！受験大戦争」内の全ステージがクリアカウントの対象（進行度%d/%d)
9045,「がんばれ！受験大戦争」ステージを%d回クリアしよう<br>「がんばれ！受験大戦争」内の全ステージがクリアカウントの対象（進行度%d/%d)
9046,潜入作戦!「CHOCO」ステージでスコア2000以上獲得しよう<br>ステージをクリアすることでスコアは記録されます,スペシャルミッションに<br>ホワイトデーミッションが追加されたにゃ！
9047,奪還作戦!「OKAESHI」ステージでスコア5000以上獲得しよう<br>ステージをクリアすることでスコアは記録されます
9048,「忘れ去られた愛」ステージでスコア6000以上獲得しよう<br>ステージをクリアすることでスコアは記録されます
9049,「ネコエッグ」をレベル10にして進化させよう<br>イースターイベント期間中に進化させないと達成済みになりません,スペシャルミッションに<br>イースターイベントミッションが追加されたにゃ！
9050,「ちびシンジ」をレベル10にして進化させよう<br>エヴァンゲリオンコラボ期間中に進化させないと達成済みになりません,スペシャルミッションに<br>エヴァンゲリオンコラボミッションが追加されたにゃ！
9051,エヴァンゲリオンコラボステージを%d回クリアしよう<br>コラボの全ステージがクリアカウントの対象（進行度%d/%d）,スペシャルミッションに<br>エヴァンゲリオンコラボミッションが追加されたにゃ！
9052,エヴァンゲリオンコラボステージを%d回クリアしよう<br>コラボの全ステージがクリアカウントの対象（進行度%d/%d）
9053,エヴァンゲリオンコラボステージを%d回クリアしよう<br>コラボの全ステージがクリアカウントの対象（進行度%d/%d）
9054,任意のステージでにゃんコンボ「使徒キラー効果アップ」を発動させてクリア<br>日本編1章クリア後、ちびシンジと、ちびカヲルを一緒に出撃させると...
9055,第4の使徒の殲滅<br>対象の使徒をステージ「特別非常事態宣言発令中」で確認
9056,第6の使徒の殲滅<br>対象の使徒をステージ「二子山第2要塞」で確認
9057,第9の使徒の殲滅<br>対象の使徒をステージ「アスカが乗ってるんだよ！ 初級」で確認
9058,第10の使徒の殲滅<br>対象の使徒をステージ「最強の拒絶タイプ 上級」で確認,スペシャルミッションに<br>エヴァンゲリオンコラボミッションが追加されたにゃ！
9059,すべての使徒の殲滅<br>%dつの使徒殲滅ミッションを全て達成する必要があります（進行度%d/%d）
9060,「ポコタ」をレベル10にして進化させよう<br>ポコパン！コラボ期間中に進化させないと達成済みになりません,スペシャルミッションに<br>ポコパン！コラボミッションが追加されたにゃ！
9061,「オビス」をレベル10にして進化させよう<br>ポコパン！コラボ期間中に進化させないと達成済みになりません
9062,「ココ」をレベル10にして進化させよう<br>ポコパン！コラボ期間中に進化させないと達成済みになりません
9063,「仲良し3人組」ステージを%d回クリアしよう<br>「仲良し3人組」内の全ステージがクリアカウントの対象（進行度%d/%d）
9064,「仲良し3人組」ステージを%d回クリアしよう<br>「仲良し3人組」内の全ステージがクリアカウントの対象（進行度%d/%d）
9065,「仲良し3人組」ステージを%d回クリアしよう<br>「仲良し3人組」内の全ステージがクリアカウントの対象（進行度%d/%d）
9066,「太秦萌＆ネコ」をレベル10にして進化させよう<br>地下鉄に乗るっコラボ期間中に進化させないと達成済みになりません,スペシャルミッションに<br>地下鉄に乗るっコラボミッションが追加されたにゃ！
9067,「松賀咲＆ネコ」をレベル10にして進化させよう<br>地下鉄に乗るっコラボ期間中に進化させないと達成済みになりません
9068,「小野ミサ＆ネコ」をレベル10にして進化させよう<br>地下鉄に乗るっコラボ期間中に進化させないと達成済みになりません
9069,「地下鉄に乗るっ」ステージを%d回クリアしよう<br>「地下鉄に乗るっ」内の全ステージがクリアカウントの対象（進行度%d/%d）
9070,「地下鉄に乗るっ」ステージを%d回クリアしよう<br>「地下鉄に乗るっ」内の全ステージがクリアカウントの対象（進行度%d/%d）
9071,「地下鉄に乗るっ」ステージを%d回クリアしよう<br>「地下鉄に乗るっ」内の全ステージがクリアカウントの対象（進行度%d/%d）
9072,「黄金週間ゴールデンウィーク」ステージを%d回クリアしよう<br>「黄金週間ゴールデンウィーク」内の全ステージがクリアカウントの対象（進行度%d/%d）,スペシャルミッションに<br>ゴールデンウィークミッションが追加されたにゃ！
9073,「黄金週間ゴールデンウィーク」ステージを%d回クリアしよう<br>「黄金週間ゴールデンウィーク」内の全ステージがクリアカウントの対象（進行度%d/%d）
9074,「黄金週間ゴールデンウィーク」ステージを%d回クリアしよう<br>「黄金週間ゴールデンウィーク」内の全ステージがクリアカウントの対象（進行度%d/%d）
9075,「タマシイの都」ステージを%d回クリアしよう<br>「タマシイの都」内の全ステージがクリアカウントの対象（進行度%d/%d）,スペシャルミッションに<br>消滅都市コラボミッションが追加されたにゃ！
9076,「タマシイの都」ステージを%d回クリアしよう<br>「タマシイの都」内の全ステージがクリアカウントの対象（進行度%d/%d）
9077,「タマシイの都」ステージを%d回クリアしよう<br>「タマシイの都」内の全ステージがクリアカウントの対象（進行度%d/%d）
9078,「ゆきにゃん」をレベル10にして進化させよう<br>消滅都市コラボ期間中に進化させないと達成済みになりません
9079,「タクヤとユキ」をレベル10にして進化させよう<br>消滅都市コラボ期間中に進化させないと達成済みになりません
9080,「赤髪のゆきにゃん」をレベル10にして進化させよう<br>消滅都市コラボ期間中に進化させないと達成済みになりません
9081,「ぐでぐでしてて忙しい」ステージを%d回クリアしよう<br>「ぐでぐでしてて忙しい」内の全ステージがクリアカウントの対象（進行度%d/%d）,スペシャルミッションに<br>ぐでたまコラボミッションが追加されたにゃ！
9082,「ぐでぐでしてて忙しい」ステージを%d回クリアしよう<br>「ぐでぐでしてて忙しい」内の全ステージがクリアカウントの対象（進行度%d/%d）
9083,「ぐでぐでしてて忙しい」ステージを%d回クリアしよう<br>「ぐでぐでしてて忙しい」内の全ステージがクリアカウントの対象（進行度%d/%d）
9084,「ぐでたまにゃんこ」をレベル10にして進化させよう<br>ぐでたまコラボ期間中に進化させないと達成済みになりません,スペシャルミッションに<br>ぐでたまコラボ新規ミッションが追加されたにゃ！
9085,「じめじめなめなめ大進撃！」ステージを%d回クリアしよう<br>「じめじめなめなめ大進撃！」内の全ステージがクリアカウントの対象（進行度%d/%d）,スペシャルミッションに<br>じめじめなめなめ大進撃イベントミッションが追加されたにゃ！
9086,「じめじめなめなめ大進撃！」ステージを%d回クリアしよう<br>「じめじめなめなめ大進撃！」内の全ステージがクリアカウントの対象（進行度%d/%d）
9087,「じめじめなめなめ大進撃！」ステージを%d回クリアしよう<br>「じめじめなめなめ大進撃！」内の全ステージがクリアカウントの対象（進行度%d/%d）
9088,「なめネコ」をレベル10にして進化させよう<br>じめじめなめなめ大進撃イベント期間中に進化させないと達成済みになりません
9089,「続・禁断の花嫁」ステージを%d回クリアしよう<br>「続・禁断の花嫁」内の全ステージがクリアカウントの対象（進行度%d/%d）,スペシャルミッションに<br>続・禁断の花嫁ミッションが追加されたにゃ！
9090,「続・禁断の花嫁」ステージを%d回クリアしよう<br>「続・禁断の花嫁」内の全ステージがクリアカウントの対象（進行度%d/%d）
9091,「続・禁断の花嫁」ステージを%d回クリアしよう<br>「続・禁断の花嫁」内の全ステージがクリアカウントの対象（進行度%d/%d）
9092,「マダム・ザ・花嫁」をレベル10にして進化させよう<br>6月イベント期間中に進化させないと達成済みになりません,スペシャルミッションに<br>6月イベントミッションが追加されたにゃ！
9093,「とびだす！にゃんこ大戦争」ステージを%d回クリアしよう<br>「とびだす！にゃんこ大戦争」内の全ステージがクリアカウントの対象（進行度%d/%d）,スペシャルミッションに<br>とびだす！にゃんこ大戦争コラボミッションが追加されたにゃ！
9094,「とびだす！にゃんこ大戦争」ステージを%d回クリアしよう<br>「とびだす！にゃんこ大戦争」内の全ステージがクリアカウントの対象（進行度%d/%d）
9095,「とびだす！にゃんこ大戦争」ステージを%d回クリアしよう<br>「とびだす！にゃんこ大戦争」内の全ステージがクリアカウントの対象（進行度%d/%d）
9096,「とびだす！にゃんこ大戦争」ステージを%d回クリアしよう<br>「とびだす！にゃんこ大戦争」内の全ステージがクリアカウントの対象（進行度%d/%d）
9097,仮1<br>仮2,仮1<br>仮2
9098,「だって超夏じゃニャーイ！」ステージを%d回クリアしよう<br>「だって超夏じゃニャーイ！」内の全ステージがクリアカウントの対象（進行度%d/%d）,スペシャルミッションに<br>だって超夏じゃニャーイ！ミッションが追加されたにゃ！
9099,「だって超夏じゃニャーイ！」ステージを%d回クリアしよう<br>「だって超夏じゃニャーイ！」内の全ステージがクリアカウントの対象（進行度%d/%d）
9100,「だって超夏じゃニャーイ！」ステージを%d回クリアしよう<br>「だって超夏じゃニャーイ！」内の全ステージがクリアカウントの対象（進行度%d/%d）
9101,「女王様の休日」をレベル10にして進化させよう<br>7月イベント期間中に進化させないと達成済みになりません,スペシャルミッションに<br>7月イベントミッションが追加されたにゃ！
9102,「城ドラ VS 城ドラ」ステージを%d回クリアしよう<br>「城ドラ VS 城ドラ」内の全ステージがクリアカウントの対象（進行度%d/%d）,スペシャルミッションに<br>城とドラゴンコラボミッションが追加されたにゃ！
9103,「城ドラ VS 城ドラ」ステージを%d回クリアしよう<br>「城ドラ VS 城ドラ」内の全ステージがクリアカウントの対象（進行度%d/%d）
9104,「城ドラ VS 城ドラ」ステージを%d回クリアしよう<br>「城ドラ VS 城ドラ」内の全ステージがクリアカウントの対象（進行度%d/%d）
9105,「ケットバス王国の教え」ステージを%d回クリアしよう<br>「ケットバス王国の教え」内の全ステージがクリアカウントの対象（進行度%d/%d）,スペシャルミッションに<br>ケリ姫スイーツコラボミッションが追加されたにゃ！
9106,「ケットバス王国の教え」ステージを%d回クリアしよう<br>「ケットバス王国の教え」内の全ステージがクリアカウントの対象（進行度%d/%d）
9107,「ケットバス王国の教え」ステージを%d回クリアしよう<br>「ケットバス王国の教え」内の全ステージがクリアカウントの対象（進行度%d/%d）
9108,「ケリ姫」をレベル10にして進化させよう<br>ケリ姫スイーツコラボ期間中に進化させないと達成済みになりません
9109,「ネコひめ」をレベル10にして進化させよう<br>ケリ姫スイーツコラボ期間中に進化させないと達成済みになりません
9110,「眠れるケリの美女」をレベル10にして進化させよう<br>ケリ姫スイーツコラボ期間中に進化させないと達成済みになりません
9111,「あの世へのUターンラッシュ！」ステージを%d回クリアしよう<br>「あの世へのUターンラッシュ！」内の全ステージがクリアカウントの対象（進行度%d/%d）,スペシャルミッションに<br>あの世へのUターンラッシュ！ミッションが追加されたにゃ！
9112,「あの世へのUターンラッシュ！」ステージを%d回クリアしよう<br>「あの世へのUターンラッシュ！」内の全ステージがクリアカウントの対象（進行度%d/%d）
9113,「あの世へのUターンラッシュ！」ステージを%d回クリアしよう<br>「あの世へのUターンラッシュ！」内の全ステージがクリアカウントの対象（進行度%d/%d）
9114,「うらめしにゃん」をレベル10にして進化させよう<br>8月イベント期間中に進化させないと達成済みになりません,スペシャルミッションに<br>8月イベントミッションが追加されたにゃ！
9115,「町でみたすごい老人２」ステージを%d回クリアしよう<br>「町でみたすごい老人２」内の全ステージがクリアカウントの対象（進行度%d/%d）,スペシャルミッションに<br>町でみたすごい老人２ミッションが追加されたにゃ！
9116,「町でみたすごい老人２」ステージを%d回クリアしよう<br>「町でみたすごい老人２」内の全ステージがクリアカウントの対象（進行度%d/%d）
9117,「町でみたすごい老人２」ステージを%d回クリアしよう<br>「町でみたすごい老人２」内の全ステージがクリアカウントの対象（進行度%d/%d）
9118,「カンフーにゃんこG」をレベル10にして進化させよう<br>9月イベント期間中に進化させないと達成済みになりません,スペシャルミッションに<br>9月イベントミッションが追加されたにゃ！
9119,「サマーレッスン」ステージを%d回クリアしよう<br>「サマーレッスン」内の全ステージがクリアカウントの対象（進行度%d/%d）,スペシャルミッションに<br>サマーレッスンイベントミッションが追加されたにゃ！
9120,「サマーレッスン」ステージを%d回クリアしよう<br>「サマーレッスン」内の全ステージがクリアカウントの対象（進行度%d/%d）
9121,「サマーレッスン」ステージを%d回クリアしよう<br>「サマーレッスン」内の全ステージがクリアカウントの対象（進行度%d/%d）
9122,「ネコ阿波踊り」をレベル10にして進化させよう<br>ときめき夏祭りイベント期間中に進化させないと達成済みになりません,スペシャルミッションに<br>ときめき夏祭りイベントミッションが追加されたにゃ！
9123,薔薇園の魔女を倒そう<br>対象の魔女はステージ「薔薇園の魔女 初級」で出現,スペシャルミッションに<br>魔法少女まどか☆マギカコラボミッションが追加されたにゃ！
9124,お菓子の魔女を倒そう<br>対象の魔女はステージ「お菓子の魔女 中級」で出現
9125,ハコの魔女を倒そう<br>対象の魔女はステージ「ハコの魔女 上級」で出現
9126,舞台装置の魔女を倒そう<br>対象の魔女はステージ「舞台装置の魔女 極ムズ」で出現
9127,くるみ割りの魔女を倒そう<br>対象の魔女はステージ「くるみ割りの魔女 超上級」で出現
9128,すべての魔女を倒そう<br>%dつの魔女討伐ミッションを全て達成する必要があります（進行度%d/%d）
9129,「ちびまどか」をレベル10にして進化させよう<br>魔法少女まどか☆マギカコラボ期間中に進化させないと達成済みになりません
9130,「ネコキュゥべえ」をレベル10にして進化させよう<br>魔法少女まどか☆マギカコラボ期間中に進化させないと達成済みになりません
9131,「女王暴走」ステージを%d回クリアしよう<br>「女王暴走」内の全ステージがクリアカウントの対象（進行度%d/%d）,スペシャルミッションに<br>クラッシュフィーバーコラボミッションが追加されたにゃ！
9132,「女王暴走」ステージを%d回クリアしよう<br>「女王暴走」内の全ステージがクリアカウントの対象（進行度%d/%d）
9133,「女王暴走」ステージを%d回クリアしよう<br>「女王暴走」内の全ステージがクリアカウントの対象（進行度%d/%d）
9134,「夜だよ！大運動会」ステージを%d回クリアしよう<br>「夜だよ！大運動会」内の全ステージがクリアカウントの対象（進行度%d/%d）,スペシャルミッションに<br>夜だよ！大運動会ミッションが追加されたにゃ！
9135,「夜だよ！大運動会」ステージを%d回クリアしよう<br>「夜だよ！大運動会」内の全ステージがクリアカウントの対象（進行度%d/%d）
9136,「夜だよ！大運動会」ステージを%d回クリアしよう<br>「夜だよ！大運動会」内の全ステージがクリアカウントの対象（進行度%d/%d）
9137,「ネコ運動会」をレベル10にして進化させよう<br>10月イベント期間中に進化させないと達成済みになりません,スペシャルミッションに<br>10月イベントミッションが追加されたにゃ！
9138,「働き方レボリューション」ステージを%d回クリアしよう<br>「働き方レボリューション」内の全ステージがクリアカウントの対象（進行度%d/%d）,スペシャルミッションに<br>働き方レボリューションミッションが追加されたにゃ！
9139,「働き方レボリューション」ステージを%d回クリアしよう<br>「働き方レボリューション」内の全ステージがクリアカウントの対象（進行度%d/%d）
9140,「働き方レボリューション」ステージを%d回クリアしよう<br>「働き方レボリューション」内の全ステージがクリアカウントの対象（進行度%d/%d）
9141,「ネコリーマン」をレベル10にして進化させよう<br>11月イベント期間中に進化させないと達成済みになりません,スペシャルミッションに<br>11月イベントミッションが追加されたにゃ！
9142,「逆襲のメルクストーリア」ステージを%d回クリアしよう<br>「逆襲のメルクストーリア」内の全ステージがクリアカウントの対象（進行度%d/%d）,スペシャルミッションに<br>メルクストーリアコラボミッションが追加されたにゃ！
9143,「逆襲のメルクストーリア」ステージを%d回クリアしよう<br>「逆襲のメルクストーリア」内の全ステージがクリアカウントの対象（進行度%d/%d）
9144,「逆襲のメルクストーリア」ステージを%d回クリアしよう<br>「逆襲のメルクストーリア」内の全ステージがクリアカウントの対象（進行度%d/%d）
9145,ランキングステージ「無気力修行」に挑戦しよう<br>対象のステージは「ネコ道場」から挑戦できます
9146,「癒術士」をレベル10にして進化させよう<br>メルクストーリアコラボイベント期間中に進化させないと達成済みになりません
9147,「文化祭グルメ戦争」ステージを%d回クリアしよう<br>「文化祭グルメ戦争」内の全ステージがクリアカウントの対象（進行度%d/%d）,スペシャルミッションに<br>文化祭グルメ戦争イベントミッションが追加されたにゃ！
9148,「文化祭グルメ戦争」ステージを%d回クリアしよう<br>「文化祭グルメ戦争」内の全ステージがクリアカウントの対象（進行度%d/%d）
9149,「文化祭グルメ戦争」ステージを%d回クリアしよう<br>「文化祭グルメ戦争」内の全ステージがクリアカウントの対象（進行度%d/%d）
9150,「ネコ屋台」をレベル10にして進化させよう<br>文化祭グルメ戦争イベント期間中に進化させないと達成済みになりません
9151,「宇宙からもクリスマスが来た！」ステージを%d回クリアしよう<br>「宇宙からもクリスマスが来た！」内の全ステージがクリアカウントの対象（進行度%d/%d）,スペシャルミッションに<br>宇宙からもクリスマスが来た！ミッションが追加されたにゃ！
9152,「宇宙からもクリスマスが来た！」ステージを%d回クリアしよう<br>「宇宙からもクリスマスが来た！」内の全ステージがクリアカウントの対象（進行度%d/%d）
9153,「宇宙からもクリスマスが来た！」ステージを%d回クリアしよう<br>「宇宙からもクリスマスが来た！」内の全ステージがクリアカウントの対象（進行度%d/%d）
9154,「トナカイフィッシュ」をレベル10にして進化させよう<br>12月イベント期間中に進化させないと達成済みになりません,スペシャルミッションに<br>12月イベントミッションが追加されたにゃ！
9155,「にゃんぷきん」をレベル10にして進化させよう<br>王道ハロウィン到来！イベント期間中に進化させないと達成済みになりません,スペシャルミッションに<br>王道ハロウィン到来！イベントミッションが追加されたにゃ！
9156,「ネコのプレゼント」をレベル10にして進化させよう<br>赤鼻サンタのプレゼント！イベント期間中に進化させないと達成済みになりません,スペシャルミッションに<br>赤鼻サンタのプレゼント！イベントミッションが追加されたにゃ！
9157,「新年、あけてました。おめっ...」ステージを%d回クリアしよう<br>「新年、あけてました。おめっ...」内の全ステージがクリアカウントの対象（進行度%d/%d）,スペシャルミッションに<br>新年、あけてました。おめっ...ミッションが追加されたにゃ！
9158,「新年、あけてました。おめっ...」ステージを%d回クリアしよう<br>「新年、あけてました。おめっ...」内の全ステージがクリアカウントの対象（進行度%d/%d）
9159,「新年、あけてました。おめっ...」ステージを%d回クリアしよう<br>「新年、あけてました。おめっ...」内の全ステージがクリアカウントの対象（進行度%d/%d）
9160,「にゃんこ成人」をレベル10にして進化させよう<br>1月イベント期間中に進化させないと達成済みになりません,スペシャルミッションに<br>1月イベントミッションが追加されたにゃ！
9161,【降臨祭】イベント限定ミッション<br>「断罪天使クオリネル降臨」ステージをクリアしよう,スペシャルミッションに<br>降臨祭イベントミッションが追加されたにゃ！
9162,【降臨祭】イベント限定ミッション<br>「地獄門」ステージをクリアしよう
9163,【降臨祭】イベント限定ミッション<br>「女帝飛来」ステージをクリアしよう
9164,【降臨祭】イベント限定ミッション<br>「亡者デブウ降臨」ステージをクリアしよう
9165,【降臨祭】イベント限定ミッション<br>「チワワン伯爵降臨」ステージをクリアしよう
9166,【降臨祭】イベント限定ミッション<br>「夜は短し夢みよ乙女」ステージをクリアしよう
9167,すべての降臨ステージを1回ずつクリアしよう<br>%dつの降臨祭ミッションを全て達成する必要があります（進行度%d/%d）
9168,「祝!6周年!!」を%d回クリアしよう<br>ステージクリアしても翌日再出現し、ドロップ報酬もリセット（進行度%d/%d）,スペシャルミッションに<br>6周年記念ミッションが追加されたにゃ！
9169,「6周年記念大会」で6666点以上獲得しよう<br>ランキングステージはネコ道場から挑戦できます,スペシャルミッションに<br>6周年記念ランキングミッションが追加されたにゃ！
9170,「さらに召喚された福！」ステージを%d回クリアしよう<br>「さらに召喚された福！」内の全ステージがクリアカウントの対象（進行度%d/%d）,スペシャルミッションに<br>さらに召喚された福！ミッションが追加されたにゃ！
9171,「さらに召喚された福！」ステージを%d回クリアしよう<br>「さらに召喚された福！」内の全ステージがクリアカウントの対象（進行度%d/%d）
9172,「さらに召喚された福！」ステージを%d回クリアしよう<br>「さらに召喚された福！」内の全ステージがクリアカウントの対象（進行度%d/%d）
9173,「吾輩は鬼である」をレベル10にして進化させよう<br>2月イベント期間中に進化させないと達成済みになりません,スペシャルミッションに<br>2月イベントミッションが追加されたにゃ！
9174,「雛壇の戦士達SP」ステージを%d回クリアしよう<br>「雛壇の戦士達SP」内の全ステージがクリアカウントの対象（進行度%d/%d）,スペシャルミッションに<br>雛壇の戦士達SPミッションが追加されたにゃ！
9175,「雛壇の戦士達SP」ステージを%d回クリアしよう<br>「雛壇の戦士達SP」内の全ステージがクリアカウントの対象（進行度%d/%d）
9176,「雛壇の戦士達SP」ステージを%d回クリアしよう<br>「雛壇の戦士達SP」内の全ステージがクリアカウントの対象（進行度%d/%d）
9177,「ひなにゃんこ」をレベル10にして進化させよう<br>3月イベント期間中に進化させないと達成済みになりません,スペシャルミッションに<br>3月イベントミッションが追加されたにゃ！
9178,「ネコ士郎」をレベル10にして進化させよう<br>Fate/stay night [HF]コラボ期間中に進化させないと達成済みになりません,スペシャルミッションに<br>「Fate/stay night [HF]」コラボミッションが追加されたにゃ！
9179,「新・春だよ！高校教師」ステージを%d回クリアしよう<br>「新・春だよ！高校教師」内の全ステージがクリアカウントの対象（進行度%d/%d）,スペシャルミッションに<br>新・春だよ！高校教師ミッションが追加されたにゃ！
9180,「新・春だよ！高校教師」ステージを%d回クリアしよう<br>「新・春だよ！高校教師」内の全ステージがクリアカウントの対象（進行度%d/%d）
9181,「新・春だよ！高校教師」ステージを%d回クリアしよう<br>「新・春だよ！高校教師」内の全ステージがクリアカウントの対象（進行度%d/%d）
9182,「ネコ乙女」をレベル10にして進化させよう<br>4月イベント期間中に進化させないと達成済みになりません,スペシャルミッションに<br>4月イベントミッションが追加されたにゃ！
9183,「にゃんぼう」をレベル10にして進化させよう<br>生きろ！マンボウ！コラボ期間中に進化させないと達成済みになりません,スペシャルミッションに<br>「生きろ！マンボウ！」コラボミッションが追加されたにゃ！
9184,「コイの五月病アゲイン」ステージを%d回クリアしよう<br>「コイの五月病アゲイン」内の全ステージがクリアカウントの対象（進行度%d/%d）,スペシャルミッションに<br>コイの五月病アゲインミッションが追加されたにゃ！
9185,「コイの五月病アゲイン」ステージを%d回クリアしよう<br>「コイの五月病アゲイン」内の全ステージがクリアカウントの対象（進行度%d/%d）
9186,「コイの五月病アゲイン」ステージを%d回クリアしよう<br>「コイの五月病アゲイン」内の全ステージがクリアカウントの対象（進行度%d/%d）
9187,「マジでコイしてる」をレベル10にして進化させよう<br>5月イベント期間中に進化させないと達成済みになりません,スペシャルミッションに<br>5月イベントミッションが追加されたにゃ！
9188,「きたろう」をレベル10にして進化させよう<br>ゆるゲゲコラボ期間中に進化させないと達成済みになりません,スペシャルミッションに<br>「ゆるゲゲ」コラボミッションが追加されたにゃ！
9189,「目玉おやじ」をレベル10にして進化させよう<br>ゆるゲゲコラボ期間中に進化させないと達成済みになりません
9190,「ねこ娘」をレベル10にして進化させよう<br>ゆるゲゲコラボ期間中に進化させないと達成済みになりません
9191,「ヤマト王子」をレベル10にして進化させよう<br>ビックリマンコラボ期間中に進化させないと達成済みになりません,スペシャルミッションに<br>「ビックリマン」コラボミッションが追加されたにゃ！
9192,「十字架天使」をレベル10にして進化させよう<br>ビックリマンコラボ期間中に進化させないと達成済みになりません
9193,「対決！魔幻モデル」1ステージ目をクリアしよう<br>「天を貫く大要塞 上級」ステージがクリアカウントの対象
9194,「覚醒！ヤマト爆神」1ステージ目をクリアしよう<br>「受け継がれる意志 超上級」ステージがクリアカウントの対象
9195,「ビックリマンチョコ」ステージを%d回クリアしよう<br>「ビックリマンチョコ」内の全ステージがクリアカウントの対象（進行度%d/%d）
9196,「ビックリマンチョコ」ステージを%d回クリアしよう<br>「ビックリマンチョコ」内の全ステージがクリアカウントの対象（進行度%d/%d）
9197,「ビックリマンチョコ」ステージを%d回クリアしよう<br>「ビックリマンチョコ」内の全ステージがクリアカウントの対象（進行度%d/%d）
9198,「カノとソウマ」をレベル10にして進化させよう<br>消滅都市コラボ期間中に進化させないと達成済みになりません
9199,仮1<br>仮2,仮1<br>仮2
9200,仮1<br>仮2,仮1<br>仮2
9201,仮1<br>仮2,仮1<br>仮2
9202,仮1<br>仮2,仮1<br>仮2
9203,「ネコ２Ｄ」をレベル10にして進化させよう<br>ドットヒーローズコラボ期間中に進化させないと達成済みになりません,スペシャルミッションに<br>「ドットヒーローズ」コラボミッションが追加されたにゃ！
9204,「太秦麗＆ネコ」をレベル10にして進化させよう<br>地下鉄に乗るっコラボ期間中に進化させないと達成済みになりません
9205,「ゴウキリン」をレベル10にして進化させよう<br>ストリートファイターVコラボ期間中に進化させないと達成済みになりません,スペシャルミッションに<br>「ストリートファイターV」コラボミッションが追加されたにゃ！
9206,「ネコリュウ」をレベル10にして進化させよう<br>ストリートファイターVコラボ期間中に進化させないと達成済みになりません
9207,「ネコ春麗」をレベル10にして進化させよう<br>ストリートファイターVコラボ期間中に進化させないと達成済みになりません
9208,「祝!7周年!!」を%d回クリアしよう<br>ステージクリアしても翌日再出現し、ドロップ報酬もリセット（進行度%d/%d）,スペシャルミッションに<br>7周年記念ミッションが追加されたにゃ！
9209,「7周年記念大会」で7777点以上獲得しよう<br>ランキングステージはネコ道場から挑戦できます,スペシャルミッションに<br>7周年記念ランキングミッションが追加されたにゃ！
9210,「ソラカラちゃん」をレベル10にして進化させよう<br>スカイツリーコラボ期間中に進化させないと達成済みになりません
9211,【降臨祭】イベント限定ミッション<br>「ブルーインパクト」ステージをクリアしよう
9212,【降臨祭】イベント限定ミッションを%dつ全てクリアしよう<br>（進行度%d/%d）
9213,「ネコミク」をレベル10にして進化させよう<br>初音ミクコラボ期間中に進化させないと達成済みになりません
9214,「MIKU EXPO」ステージを%d回クリアしよう<br>「MIKU EXPO」内の全ステージがクリアカウントの対象（進行度%d/%d）,スペシャルミッションに<br>「初音ミク」コラボミッションが追加されたにゃ！
9215,「MIKU EXPO」ステージを%d回クリアしよう<br>「MIKU EXPO」内の全ステージがクリアカウントの対象（進行度%d/%d）
9216,「MIKU EXPO」ステージを%d回クリアしよう<br>「MIKU EXPO」内の全ステージがクリアカウントの対象（進行度%d/%d）
9217,仮1<br>仮2,仮1<br>仮2
9218,仮1<br>仮2
9219,仮1<br>仮2
9220,「ネコU.F.O.」をレベル10にして進化させよう<br>日清焼そばU.F.O.コラボ期間中に進化させないと達成済みになりません,スペシャルミッションに<br>「日清焼そばU.F.O.」コラボミッションが追加されたにゃ！
9221,ガマトトを探検に出発させて%d回探検終了させよう<br>消滅都市コラボ期間中にいずれかのエリアで5回探検終了で達成（進行度%d/%d）,スペシャルミッションに<br>消滅都市コラボ新規ミッションが追加されたにゃ！
9222,風雲にゃんこ塔の50階をクリアしよう<br>※既に取得済みの方は取得できません,スペシャルミッションに<br>風雲にゃんこ塔ミッションが追加されたにゃ！
9223,「天子男ジャック」をレベル10にして進化させよう<br>ビックリマンコラボ期間中に進化させないと達成済みになりません
9224,「祝!8周年!!」を%d回クリアしよう<br>ステージクリアしても翌日再出現し、ドロップ報酬もリセット（進行度%d/%d）,スペシャルミッションに<br>8周年記念ミッションが追加されたにゃ！
9225,「8周年記念大会」で8888点以上獲得しよう<br>ランキングステージはネコ道場から挑戦できます,スペシャルミッションに<br>8周年記念ランキングミッションが追加されたにゃ！
9226,「ネコ乱馬(男)」をレベル10にして進化させよう<br>らんま1/2コラボ期間中に進化させないと達成済みになりません,スペシャルミッションに<br>「らんま1/2」コラボミッションが追加されたにゃ！
9227,「ネコパンダ」をレベル10にして進化させよう<br>らんま1/2コラボ期間中に進化させないと達成済みになりません
9228,「伝説の呪泉郷」ステージを%d回クリアしよう<br>「伝説の呪泉郷」内の全ステージがクリアカウントの対象（進行度%d/%d）
9229,「伝説の呪泉郷」ステージを%d回クリアしよう<br>「伝説の呪泉郷」内の全ステージがクリアカウントの対象（進行度%d/%d）
9230,「伝説の呪泉郷」ステージを%d回クリアしよう<br>「伝説の呪泉郷」内の全ステージがクリアカウントの対象（進行度%d/%d）
9231,【降臨祭】イベント限定追加ミッション<br>「地獄門」を基本キャラ8体以上編成して%d回クリアしよう
9232,【降臨祭】イベント限定追加ミッション<br>「亡者デブウ降臨」をEXキャラ8体以上編成して%d回クリアしよう
9233,【降臨祭】イベント限定追加ミッション<br>「チワワン伯爵降臨」を基本キャラから9体編成して%d回クリアしよう
9234,【降臨祭】イベント限定追加ミッション<br>「ブルーインパクト」を全てのキャラが第２形態の編成で%d回クリアしよう
9235,【降臨祭】イベント限定追加ミッション<br>「夜は短し夢みよ乙女」を全てのキャラが第１形態の編成で%d回クリアしよう
9236,【降臨祭】イベント限定追加ミッションを%dつ全てクリアしよう<br>（進行度%d/%d）
9237,【降臨祭】「天使と般若」ステージをクリアしよう<br>EXステージもクリアしないと達成済みになりません
9238,【降臨祭】「女帝と亡者」ステージをクリアしよう<br>EXステージもクリアしないと達成済みになりません
9239,【降臨祭】「伯爵と乙女」ステージをクリアしよう<br>EXステージもクリアしないと達成済みになりません
9240,夏休みの宿題【第1弾】①：まずは体験レポートのネタ探し<br>「ねこのなつやすみ」ステージを%d回クリア（進行度%d/%d）,スペシャルミッションに<br>「夏休みの宿題【第1弾】」が追加されたにゃ！
9241,夏休みの宿題【第1弾】②：もっと体験レポートのネタ探し<br>「ねこのなつやすみ」ステージを%d回クリア（進行度%d/%d）
9242,夏休みの宿題【第1弾】③：イケてる体験レポートのネタ探し<br>「ねこのなつやすみ」ステージを%d回クリア（進行度%d/%d）
9243,夏休みの宿題【第1弾】④：体験レポートの作成<br>「おんぼろ秘密基地」ステージを%d回クリア（進行度%d/%d）
9244,夏休みの宿題【第1弾】⑤：イケてる体験レポートの作成<br>「イケてる秘密基地」ステージを%d回クリア（進行度%d/%d）
9245,夏休みの宿題【第1弾】⑥：かんぺきな体験レポートの作成<br>「かんぺきな秘密基地」ステージを%d回クリア（進行度%d/%d）
9246,夏休みの自由研究【第1弾】①：昆虫らしき生命体の調査<br>「カブトネコ」をレベル10にして進化させよう,スペシャルミッションに<br>「夏休みの自由研究【第1弾】」が追加されたにゃ！
9247,夏休みの自由研究【第1弾】②：昆虫らしき生命体の調査<br>「クワガタネコ」をレベル10にして進化させよう
9248,夏休みの自由研究【第1弾】③：昆虫らしき生命体の更なる調査<br>「カブトネコ」をレベル20までパワーアップさせよう
9249,夏休みの自由研究【第1弾】④：昆虫らしき生命体の更なる調査<br>「クワガタネコ」をレベル20までパワーアップさせよう
9364,夏休みの自由研究【第2弾】①：昆虫らしき生命体の観察<br>「カブトネコ」を編成し「ときめき夏祭り」のステージ1をクリア,スペシャルミッションに<br>「夏休みの自由研究【第2弾】」が追加されたにゃ！
9251,夏休みの自由研究【第2弾】②：昆虫らしき生命体の観察<br>「クワガタネコ」を編成し「ときめき夏祭り」のステージ2をクリア
9252,夏休みの自由研究【第2弾】③：昆虫らしき生命体の更なる観察<br>「カブトネコ」を編成し「ときめき夏祭り」のステージ4をクリア
9253,夏休みの自由研究【第2弾】④：昆虫らしき生命体の更なる観察<br>「クワガタネコ」を編成し「ときめき夏祭り」のステージ6をクリア
9254,夏休みの宿題【第2弾】①：特別授業「こくご」<br>「サマーレッスン」ステージを%d回クリア（進行度%d/%d）,スペシャルミッションに<br>「夏休みの宿題【第2弾】」が追加されたにゃ！
9255,夏休みの宿題【第2弾】②：特別授業「さんすう」<br>「サマーレッスン」ステージを%d回クリア（進行度%d/%d）
9256,夏休みの宿題【第2弾】③：特別授業「どうとく」<br>「サマーレッスン」ステージを%d回クリア（進行度%d/%d）
9257,夏休みの宿題【第2弾】④：特別授業「がっかつ」<br>「サマーレッスン」ステージを%d回クリア（進行度%d/%d）
9258,夏休みの自由研究【第3弾】①：海の生物の研究<br>「カブトネコ」を編成し「生きろ！マンボウ！」のステージ1をクリア,スペシャルミッションに<br>「夏休みの自由研究【第3弾】」が追加されたにゃ！
9259,夏休みの自由研究【第3弾】②：海の生物の研究<br>「クワガタネコ」を編成し「生きろ！マンボウ！」のステージ3をクリア
9260,夏休みの自由研究【第3弾】③：海の仲間たちの更なる研究<br>「カブトネコ」を編成し「３億匹の仲間はみな死んだ」%d回クリア（進行度%d/%d）
9261,夏休みの自由研究【第3弾】④：海の仲間たちの更なる研究<br>「クワガタネコ」を編成し「３億匹の仲間はみな死んだ」%d回クリア（進行度%d/%d）
9262,「熱血！大玉転がし！」ステージを%d回クリアしよう<br>「熱血！大玉転がし！」内の全ステージがクリアカウントの対象（進行度%d/%d）,スペシャルミッションに<br>「熱血！にゃんこ大運動会！」が追加されたにゃ！
9263,「熱血！大玉転がし！」ステージを%d回クリアしよう<br>「熱血！大玉転がし！」内の全ステージがクリアカウントの対象（進行度%d/%d）
9264,「熱血！障害物競走！」ステージを%d回クリアしよう<br>「熱血！障害物競走！」内の全ステージがクリアカウントの対象（進行度%d/%d）
9265,「熱血！障害物競走！」を基本キャラを9体のみ編成して%d回クリアしよう<br>「熱血！障害物競走！」内の全ステージがクリアカウントの対象（進行度%d/%d）
9266,「熱血！二人三脚バトル！」で【%@】を倒そう<br>「熱血！二人三脚バトル！」の全てのステージが対象
9267,「熱血！二人三脚バトル！」で【%@】を倒そう<br>「熱血！二人三脚バトル！」の全てのステージが対象
9268,熱血！にゃんこ大運動会限定ミッションを%dつ全てクリアしよう<br>（進行度%d/%d）
9269,魔女討伐ミッション①：薔薇園の魔女を倒そう<br>対象の魔女はステージ「魔女の結界 ～薔薇園の魔女～」で出現,スペシャルミッションに<br>魔法少女まどか☆マギカコラボミッションが追加されたにゃ！
9270,魔女討伐ミッション②：お菓子の魔女を倒そう<br>対象の魔女はステージ「魔女の結界 ～お菓子の魔女～」で出現
9271,魔女討伐ミッション③：ハコの魔女を倒そう<br>対象の魔女はステージ「魔女の結界 ～ハコの魔女～」で出現
9272,魔女討伐ミッション⑤：くるみ割りの魔女を倒そう<br>対象の魔女はステージ「くるみ割りの魔女」で出現,スペシャルミッションに<br>魔法少女まどか☆マギカコラボミッションが追加されたにゃ！
9273,すべての魔女を倒そう<br>魔女討伐ミッション①～⑤を全て達成する必要があります
9274,「ちびまどか」をレベル10にして進化させよう<br>魔法少女まどか☆マギカコラボ期間中に進化させないと達成済みになりません
9275,「ネコキュゥべえ」をレベル10にして進化させよう<br>魔法少女まどか☆マギカコラボ期間中に進化させないと達成済みになりません
9276,「めざせＧＩ にゃんこ競馬」ステージを%d回クリアしよう<br>「めざせＧＩ にゃんこ競馬」内の全ステージがクリアカウントの対象（進行度%d/%d）,スペシャルミッションに<br>JRAコラボミッションが追加されたにゃ！
9277,「めざせＧＩ にゃんこ競馬」ステージを%d回クリアしよう<br>「めざせＧＩ にゃんこ競馬」内の全ステージがクリアカウントの対象（進行度%d/%d）
9278,「めざせＧＩ にゃんこ競馬」ステージを%d回クリアしよう<br>「めざせＧＩ にゃんこ競馬」内の全ステージがクリアカウントの対象（進行度%d/%d）
9279,「ネコキリンモドキ」をイベントガチャで1体ゲットしよう<br>JRAコラボ期間中にゲットしないと達成済みになりません
9280,「ネコノトリッキー」をイベントガチャで1体ゲットしよう<br>JRAコラボ期間中にゲットしないと達成済みになりません
9281,「ネコノドラゴーン」をイベントガチャで1体ゲットしよう<br>JRAコラボ期間中にゲットしないと達成済みになりません
9282,JRAコラボ限定ミッションを%dつ全てクリアしよう<br>（進行度%d/%d）
9283,【Q1.箱の中身クイズ】イベントガチャに隠れたキャラを当てろ！<br>ヒント：感謝の気持ちを込めて発行された記念のメダル,スペシャルミッションに「にゃんこ大戦争ウルトラクイズ」<br>【Q1.箱の中身クイズ】が追加されたにゃ！
9284,【Q1.箱の中身クイズ】イベントガチャに隠れたキャラを当てろ！<br>ヒント：持ち主にささやかな福を招く縁起のいいネコ
9285,【Q1.箱の中身クイズ】イベントガチャに隠れたキャラを当てろ！<br>ヒント：惑星の間を華麗に舞うニンジャ
9286,【Q1.箱の中身クイズ】イベントガチャに隠れたキャラを当てろ！<br>ヒント：小腹を満たすお手軽サイズのハンバーガー
9287,【Q1.箱の中身クイズ】イベントガチャに隠された正体不明の<br>%dキャラクターを全員引き当てよう！（進行度%d/%d）
9288,【Q2.都道府県クイズ】あまおう苺が名産品の都道府県は？<br>日本編の該当ステージをクリアして回答せよ！,スペシャルミッションに「にゃんこ大戦争ウルトラクイズ」<br>【Q2.都道府県クイズ】が追加されたにゃ！
9289,【Q2.都道府県クイズ】天下の台所の異名を持つ都道府県は？<br>日本編の該当ステージをクリアして回答せよ！
9290,【Q2.都道府県クイズ】織田信長の出身地である都道府県は？<br>日本編の該当ステージをクリアして回答せよ！
9291,【Q2.都道府県クイズ】日本で一番人口が多い都道府県は？<br>日本編の該当ステージをクリアして回答せよ！
9292,【Q2.都道府県クイズ】日本で一番大きい（広い）都道府県は？<br>日本編の該当ステージをクリアして回答せよ！
9293,【Q2.都道府県クイズ】日本全国を巡って<br>%d問の都道府県クイズを全問正解せよ！（進行度%d/%d）
9294,【Q3.ネコ基地〇×クイズ】<br>ネコが出題する超難問クイズに全問正解せよ！,スペシャルミッションに「にゃんこ大戦争ウルトラクイズ」<br>【Q3.ネコ基地〇×クイズ】が追加されたにゃ！
9295,【Q4.敵討伐クイズ】毎年大学受験に挑戦している敵キャラは？<br>日本編で該当する敵を倒して回答せよ！,スペシャルミッションに「にゃんこ大戦争ウルトラクイズ」<br>【Q4.敵討伐クイズ】が追加されたにゃ！
9296,【Q4.敵討伐クイズ】お笑いスクールに通っている敵キャラは？<br>日本編で該当する敵を倒して回答せよ！
9297,【Q4.敵討伐クイズ】写真集を集めるのが趣味な敵キャラは？<br>日本編で該当する敵を倒して回答せよ！
9298,【Q4.敵討伐クイズ】消防署で働いている敵キャラは？<br>日本編で該当する敵を倒して回答せよ！
9299,【Q4.敵討伐クイズ】顔だけになってしまった敵キャラは？<br>日本編で該当する敵を倒して回答せよ！
9300,【Q4.敵討伐クイズ】日本全国を巡って<br>%d問の敵討伐クイズを全問正解せよ！（進行度%d/%d）
9301,【Q5.時の運クイズ】ステージクリア後、運を味方につけて扉を開け！<br>辿り着いた扉の先で天国ステージを%d回クリアせよ！（進行度%d/%d）,スペシャルミッションに「にゃんこ大戦争ウルトラクイズ」<br>【Q5.時の運クイズ】が追加されたにゃ！
9302,【Q5.時の運クイズ】ステージクリア後、運を味方につけて扉を開け！<br>辿り着いた扉の先で天国ステージを%d回クリアせよ！（進行度%d/%d）
9303,【Q5.時の運クイズ】ステージクリア後、運を味方につけて扉を開け！<br>辿り着いた扉の先で天国ステージを%d回クリアせよ！（進行度%d/%d）
9304,【にゃんこ大戦争ウルトラクイズ】Q1～5全てのミッションをクリアし<br>100万ドル相当(※ニャンピュータ試算)の豪華賞品を手に入れろ！
9305,異界にゃんこ塔の30階をクリアしよう<br>※既に取得済みの方は取得できません,スペシャルミッションに<br>異界にゃんこ塔ミッションが追加されたにゃ！
9306,「高雄メトロ レッドライン」ステージを%d回クリアしよう<br>「高雄メトロ レッドライン」内の全ステージがクリアカウントの対象（進行度%d/%d）,スペシャルミッションに<br>たかめ少女コラボが追加されたにゃ！
9307,「高雄メトロ レッドライン」ステージを%d回クリアしよう<br>「高雄メトロ レッドライン」内の全ステージがクリアカウントの対象（進行度%d/%d）
9308,「高雄ライトレール」ステージを%d回クリアしよう<br>「高雄ライトレール」内の全ステージがクリアカウントの対象（進行度%d/%d）
9309,「高雄ライトレール」ステージを%d回クリアしよう<br>「高雄ライトレール」内の全ステージがクリアカウントの対象（進行度%d/%d）
9310,「ナナ＆ネコ」「エミリア＆ネコ」「ジェアー＆ネコ」の%d人を集めよう<br>たかめ少女コラボ期間中に入手しないと達成済みになりません（進行度%d/%d）
9311,「ナナ＆ネコ」をレベル10にして進化させよう<br>たかめ少女コラボ期間中に進化させないと達成済みになりません
9312,「エミリア＆ネコ」をレベル10にして進化させよう<br>たかめ少女コラボ期間中に進化させないと達成済みになりません
9313,「ジェアー＆ネコ」をレベル10にして進化させよう<br>たかめ少女コラボ期間中に進化させないと達成済みになりません
9314,「シャオチョン＆ネコ」をレベル10にして進化させよう<br>たかめ少女コラボ期間中に進化させないと達成済みになりません
9315,たかめ少女コラボミッションを%dつ全てクリアしよう<br>（進行度%d/%d）
9316,毎日ネコカンが手に入るステージ「春節ハッピープレゼント！」を<br>%d回クリアしよう！（進行度%d/%d）,スペシャルミッションに<br>お祭りにゃんこ～中国春節編～ミッションが追加されたにゃ！
9317,毎日ネコカンが手に入るステージ「春節ハッピープレゼント！」を<br>%d回クリアしよう！（進行度%d/%d）
9318,毎日ネコカンが手に入るステージ「春節ハッピープレゼント！」を<br>%d回クリアしよう！（進行度%d/%d）
9319,毎日ネコカンが手に入るステージ「春節ハッピープレゼント！」を<br>%d回クリアしよう！（進行度%d/%d）
9320,毎日ネコカンが手に入るステージ「春節ハッピープレゼント！」を<br>%d回クリアしよう！（進行度%d/%d）
9321,【降臨祭】イベント限定追加ミッション<br>「断罪天使クオリネル降臨」をEXキャラ7体以上編成して%d回クリアしよう
9322,【降臨祭】イベント限定追加ミッション<br>「女帝飛来」を基本キャラ7体以上編成して%d回クリアしよう
9323,【降臨祭】「亡者と河豚」ステージをクリアしよう<br> EXステージもクリアしないと達成済みになりません
9324,【降臨祭】「女帝と乙女」ステージをクリアしよう<br> EXステージもクリアしないと達成済みになりません
9325,【降臨祭】「伯爵と天使」ステージをクリアしよう<br> EXステージもクリアしないと達成済みになりません
9326,【サイクロン祭】イベント限定ミッション<br>「紅のカタストロフ」ステージをクリアしよう,スペシャルミッションに<br>サイクロン祭イベントミッションが追加されたにゃ！
9327,【サイクロン祭】イベント限定ミッション<br>「ダークネスヘブン」ステージをクリアしよう
9328,【サイクロン祭】イベント限定ミッション<br>「国士無双」ステージをクリアしよう
9329,【サイクロン祭】イベント限定ミッション<br>「鉄子の部屋」ステージをクリアしよう
9330,【サイクロン祭】イベント限定ミッション<br>「天罰」ステージをクリアしよう
9331,【サイクロン祭】イベント限定ミッション<br>「絶望異次元」ステージをクリアしよう
9332,【サイクロン祭】イベント限定ミッション<br>「緊急爆風警報」ステージをクリアしよう
9333,【サイクロン祭】イベント限定ミッション<br>「ローリングデッド」ステージをクリアしよう
9334,【サイクロン祭】イベント限定ミッション<br>「絶望新次元」ステージをクリアしよう
9335,【サイクロン祭】イベント限定ミッション<br>「台風零号」ステージをクリアしよう
9336,【サイクロン祭】イベント限定追加ミッション<br>「紅のカタストロフ」を基本キャラ8体以上編成して%d回クリアしよう
9337,【サイクロン祭】イベント限定追加ミッション<br>「ダークネスヘブン」を基本キャラ8体以上編成して%d回クリアしよう
9338,【サイクロン祭】イベント限定追加ミッション<br>「国士無双」をレアキャラ8体以上編成して%d回クリアしよう
9339,【サイクロン祭】イベント限定追加ミッション<br>「鉄子の部屋」をレアキャラ8体以上編成して%d回クリアしよう
9340,【サイクロン祭】イベント限定追加ミッション<br>「天罰」をレアキャラ8体以上編成して%d回クリアしよう
9341,【サイクロン祭】イベント限定追加ミッション<br>「絶望異次元」を基本キャラ8体以上編成して%d回クリアしよう
9342,【サイクロン祭】イベント限定追加ミッション<br>「緊急爆風警報」を全てのキャラが第１形態の編成で%d回クリアしよう
9343,【サイクロン祭】イベント限定追加ミッション<br>「ローリングデッド」を全てのキャラが第１形態の編成で%d回クリアしよう
9344,【サイクロン祭】イベント限定追加ミッション<br>「絶望新次元」を全てのキャラが第１形態の編成で%d回クリアしよう
9345,「ゆきにゃん」を編成し「消滅都市 ～ロストへ～」ステージを%d回クリアしよう<br>「消滅都市 ～ロストへ～」内の全ステージがクリアカウントの対象（進行度%d/%d）,スペシャルミッションに<br>消滅都市コラボミッションが追加されたにゃ！
9346,「タクヤとユキ」を編成し「消滅都市 ～ロストへ～」ステージを%d回クリアしよう<br>「消滅都市 ～ロストへ～」内の全ステージがクリアカウントの対象（進行度%d/%d）
9347,「赤髪のゆきにゃん」を編成し「消滅都市 ～ロストへ～」ステージを%d回クリアしよう<br>「消滅都市 ～ロストへ～」内の全ステージがクリアカウントの対象（進行度%d/%d）
9348,「カノとソウマ」を編成し「消滅都市 ～ロストへ～」ステージを%d回クリアしよう<br>「消滅都市 ～ロストへ～」内の全ステージがクリアカウントの対象（進行度%d/%d）
9349,消滅都市コラボステージを%d回クリアしよう<br>消滅都市コラボの全ステージがクリアカウントの対象（進行度%d/%d）,スペシャルミッションに<br>消滅都市コラボミッションが追加されたにゃ！
9350,消滅都市コラボステージを%d回クリアしよう<br>消滅都市コラボの全ステージがクリアカウントの対象（進行度%d/%d）
9351,消滅都市コラボステージを%d回クリアしよう<br>消滅都市コラボの全ステージがクリアカウントの対象（進行度%d/%d）
9352,ガマトトを探検に出発させて%d回探検終了させよう<br>消滅都市コラボ期間中にいずれかのエリアで5回探検終了で達成（進行度%d/%d）
9353,「悪魔のジューンブライド」イベントガチャで<br>「古びたタマゴ:N201」を1体手に入れよう！,スペシャルミッションに「悪魔のジューンブライド」<br>イベントミッションが追加されたにゃ！
9354,#01「悪霊の式場」ステージ%d回クリアしよう！<br>上記マップ内の全ステージがクリアカウントの対象（進行度%d/%d）
9355,#01「悪霊の式場」ステージを%d回クリアしよう！<br>上記マップ内の全ステージがクリアカウントの対象（進行度%d/%d）
9356,#01「悪霊の式場」ステージを%d回クリアしよう！<br>上記マップ内の全ステージがクリアカウントの対象（進行度%d/%d）
9357,#01「悪霊の式場」ステージを%d回クリアしよう！<br>上記マップ内の全ステージがクリアカウントの対象（進行度%d/%d）
9358,#03「13日は何曜日」ステージを%d回クリアしよう！<br>上記マップ内の全ステージがクリアカウントの対象（進行度%d/%d）,スペシャルミッションに「悪魔のジューンブライド」<br>イベントミッションが追加されたにゃ！
9359,#03「13日は何曜日」ステージを%d回クリアしよう！<br>上記マップ内の全ステージがクリアカウントの対象（進行度%d/%d）
9360,#03「13日は何曜日」ステージクリア後<br>稀に出現するEXステージを%d回クリアせよ！（進行度%d/%d）
9361,#04「ネコ鳴村」ステージを%d回クリアしよう！<br>上記マップ内の全ステージがクリアカウントの対象（進行度%d/%d）,スペシャルミッションに「悪魔のジューンブライド」<br>イベントミッションが追加されたにゃ！
9362,#04「ネコ鳴村」ステージを%d回クリアしよう！<br>上記マップ内の全ステージがクリアカウントの対象（進行度%d/%d）
9363,#04「ネコ鳴村」ステージを%d回クリアしよう！<br>上記マップ内の全ステージがクリアカウントの対象（進行度%d/%d）
9250,夏休みの自由研究【第1弾】①：昆虫らしき生命体の調査<br>「カブトネコ」をイベントガチャから1体手に入れよう！,スペシャルミッションに<br>「夏休みの自由研究【第1弾】」が追加されたにゃ！
9365,夏休みの自由研究【第1弾】②：昆虫らしき生命体の調査<br>「クワガタネコ」をイベントガチャから1体手に入れよう！
9366,夏休みの自由研究【第1弾】③：昆虫らしき生命体の調査<br>「古びたタマゴ:N202」をイベントガチャから1体手に入れよう！
9367,夏休みの自由研究【第1弾】④：昆虫らしき生命体の調査<br>「カブトネコ」をイベントガチャから3体手に入れよう！
9368,夏休みの自由研究【第1弾】⑤：昆虫らしき生命体の調査<br>「クワガタネコ」をイベントガチャから3体手に入れよう！
9369,夏休みの自由研究【第1弾】⑥：昆虫らしき生命体の調査<br>「古びたタマゴ:N202」をイベントガチャから3体手に入れよう！
9370,夏休みの自由研究【第1弾】⑦：昆虫らしき生命体の調査<br>「カブトネコ」をイベントガチャから5体手に入れよう！
9371,夏休みの自由研究【第1弾】⑧：昆虫らしき生命体の調査<br>「クワガタネコ」をイベントガチャから5体手に入れよう！
9372,夏休みの自由研究【第1弾】⑨：昆虫らしき生命体の調査<br>「古びたタマゴ:N202」をイベントガチャから5体手に入れよう！
9373,『らんま1/2』コラボステージを%d回クリアしよう<br>『らんま1/2』コラボの全ステージがクリアカウントの対象（進行度%d/%d）,スペシャルミッションに<br>『らんま1/2』コラボミッションが追加されたにゃ！
9374,『らんま1/2』コラボステージを%d回クリアしよう<br>『らんま1/2』コラボの全ステージがクリアカウントの対象（進行度%d/%d）
9375,『らんま1/2』コラボステージを%d回クリアしよう<br>『らんま1/2』コラボの全ステージがクリアカウントの対象（進行度%d/%d）
9376,メルクストーリアコラボステージを%d回クリアしよう<br>メルクストーリアコラボの全ステージがクリアカウントの対象（進行度%d/%d）,スペシャルミッションに<br>メルクストーリアコラボミッションが追加されたにゃ！
9377,メルクストーリアコラボステージを%d回クリアしよう<br>メルクストーリアコラボの全ステージがクリアカウントの対象（進行度%d/%d）
9378,メルクストーリアコラボステージを%d回クリアしよう<br>メルクストーリアコラボの全ステージがクリアカウントの対象（進行度%d/%d）
9379,異界にゃんこ塔の40階をクリアしよう<br>※既に取得済みの方は取得できません,スペシャルミッションに<br>異界にゃんこ塔ミッションが追加されたにゃ！
9380,熱血！にゃんこ大運動会ステージを%d回クリアしよう<br>熱血！にゃんこ大運動会の全ステージがクリアカウントの対象（進行度%d/%d）,スペシャルミッションに<br>「熱血！にゃんこ大運動会！」が追加されたにゃ！
9381,熱血！にゃんこ大運動会ステージを%d回クリアしよう<br>熱血！にゃんこ大運動会の全ステージがクリアカウントの対象（進行度%d/%d）
9382,熱血！にゃんこ大運動会ステージを%d回クリアしよう<br>熱血！にゃんこ大運動会の全ステージがクリアカウントの対象（進行度%d/%d）
9383,「熱血！二人三脚バトル！」をレアキャラを2体のみ編成して%d回クリアしよう<br>「熱血！二人三脚バトル！」内の全ステージがクリアカウントの対象（進行度%d/%d）
9384,「熱血！二人三脚バトル！」をEXキャラを2体のみ編成して%d回クリアしよう<br>「熱血！二人三脚バトル！」内の全ステージがクリアカウントの対象（進行度%d/%d）
9385,ストリートファイターV CEコラボステージを%d回クリアしよう<br>コラボの全ステージがクリアカウントの対象（進行度%d/%d）,スペシャルミッションに「ストリートファイターV CE」<br>コラボミッションが追加されたにゃ！
9386,ストリートファイターV CEコラボステージを%d回クリアしよう<br>コラボの全ステージがクリアカウントの対象（進行度%d/%d）
9387,ストリートファイターV CEコラボステージを%d回クリアしよう<br>コラボの全ステージがクリアカウントの対象（進行度%d/%d）
9388,【第1部.10年の軌跡パレード】①イベントガチャから記念キャラを当てよう！<br>ヒント：にゃんこ大戦争5周年で発行された記念のメダル,スペシャルミッションに<br>10周年ミッション【第1部】が追加されたにゃ！
9389,【第1部.10年の軌跡パレード】②イベントガチャから記念キャラを当てよう！<br>ヒント：リアルイベント開催記念で登場した福を招く縁起のいいネコ
9390,【第1部.10年の軌跡パレード】③イベントガチャから記念キャラを当てよう！<br>ヒント：にゃんこ大戦争英語版リリース記念のハンバーガー
9391,【第1部.10年の軌跡パレード】④イベントガチャから記念キャラを当てよう！<br>ヒント：9周年記念で登場した、勝者に贈られる高額賞金のプレート
9392,【第1部.10年の軌跡パレード】⑤イベントガチャから記念キャラを当てよう！<br>ヒント：10周年記念で登場した、石の上で考え続けるネコ
9393,【第1部.10年の軌跡パレード】イベントガチャから記念キャラを当てよう！<br>%dキャラクターを全員引き当てよう！（進行度%d/%d)
9394,【第1部.10年の軌跡パレード】ステージを%d回クリアしよう！<br>「第1部.10年の軌跡パレード」の全ステージがクリアカウントの対象（進行度%d/%d）
9395,【第1部.10年の軌跡パレード】ステージを%d回クリアしよう！<br>「第1部.10年の軌跡パレード」の全ステージがクリアカウントの対象（進行度%d/%d）
9396,【第1部.10年の軌跡パレード】ステージを%d回クリアしよう！<br>「第1部.10年の軌跡パレード」の全ステージがクリアカウントの対象（進行度%d/%d)
9397,【第2部.敵軍団行進】ステージを%d回クリアしよう！<br>「第2部.敵軍団行進」の全ステージがクリアカウントの対象（進行度%d/%d）,スペシャルミッションに<br>10周年ミッション【第2部】が追加されたにゃ！
9398,【第3部.にゃんこトーク】4日間、ネコとお喋りして<br>にゃんこ大戦争の歴史を知ろう！,スペシャルミッションに<br>10周年ミッション【第3部】が追加されたにゃ！
9399,【第4部.隠れにゃんこを探せ】①日本編のどこかにいる隠れにゃんこを探せ！<br>日本編の該当ステージをクリアしよう！ヒントは日本一の地下水都市,スペシャルミッションに<br>10周年ミッション【第4部】が追加されたにゃ！
9400,【第4部.隠れにゃんこを探せ】②日本編のどこかにいる隠れにゃんこを探せ！<br>日本編の該当ステージをクリアしよう！ヒントは西日本の空の玄関口
9401,【第4部.隠れにゃんこを探せ】③日本編のどこかにいる隠れにゃんこを探せ！<br>日本編の該当ステージをクリアしよう！ヒントは赤レンガ倉庫
9402,【第4部.隠れにゃんこを探せ】④日本編のどこかにいる隠れにゃんこを探せ！<br>日本編の該当ステージをクリアしよう！ヒントは鬼の手形
9403,【第4部.隠れにゃんこを探せ】⑤日本編のどこかにいる隠れにゃんこを探せ！<br>日本編の該当ステージをクリアしよう！ヒントは4番目に小さい県
9404,【第4部.隠れにゃんこを探せ】日本全国を巡って<br>隠れにゃんこを全て見つけよう！
9405,【第5部.名曲パレード】ステージを%d回クリアしよう<br>「第5部.名曲パレード」の全ステージがクリアカウントの対象（進行度%d/%d）,スペシャルミッションに<br>10周年ミッション【第5部】が追加されたにゃ！
9406,【10周年メモリアルパレード】第1部から第5部までの<br>全てのミッションをクリアしてレジェンドチケットを手に入れよう
9407,春節イベントステージを%d回クリアしよう<br>春節イベントの全ステージがクリアカウントの対象（進行度%d/%d）,スペシャルミッションに<br>春節ミッションが追加されたにゃ！
9408,春節イベントステージを%d回クリアしよう<br>春節イベントの全ステージがクリアカウントの対象（進行度%d/%d）
9409,春節イベントステージを%d回クリアしよう<br>春節イベントの全ステージがクリアカウントの対象（進行度%d/%d）
9410,春節イベントステージを%d回クリアしよう<br>春節イベントの全ステージがクリアカウントの対象（進行度%d/%d）
9411,春節イベントステージを%d回クリアしよう<br>春節イベントの全ステージがクリアカウントの対象（進行度%d/%d）
9412,Fate/stay night [HF]コラボステージを%d回クリアしよう<br>Fate/stay night [HF]コラボの全ステージがクリアカウントの対象（進行度%d/%d）,スペシャルミッションに<br>Fate/stay night [HF]コラボミッションが追加されたにゃ！
9413,Fate/stay night [HF]コラボステージを%d回クリアしよう<br>Fate/stay night [HF]コラボの全ステージがクリアカウントの対象（進行度%d/%d）
9414,Fate/stay night [HF]コラボステージを%d回クリアしよう<br>Fate/stay night [HF]コラボの全ステージがクリアカウントの対象（進行度%d/%d）
9415,【8000万DL記念】ガマトトを探検に出発させて%d回探検終了させよう<br>いずれかのエリアで1回探検終了で達成（進行度%d/%d）,スペシャルミッションに<br>8000万DL記念ミッションが追加されたにゃ！
9416,【8000万DL記念】ガマトトを探検に出発させて%d回探検終了させよう<br>いずれかのエリアで5回探検終了で達成（進行度%d/%d）
9417,【8000万DL記念】「8000万ダウンロード記念 ハッピープレゼント！」を<br>%d回クリアしよう！（進行度%d/%d）
9418,【8000万DL記念】「8000万ダウンロード記念 ハッピープレゼント！」を<br>%d回クリアしよう！（進行度%d/%d）
9419,【8000万DL記念】「8000万ダウンロード記念 ハッピープレゼント！」を<br>%d回クリアしよう！（進行度%d/%d）
9420,【8000万DL記念】「月イベントオールスターズ」を%d回クリアしよう<br>「月イベントオールスターズ」の全ステージがクリアカウントの対象（進行度%d/%d）
9421,【8000万DL記念】「月イベントオールスターズ」を%d回クリアしよう<br>「月イベントオールスターズ」の全ステージがクリアカウントの対象（進行度%d/%d）
9422,【8000万DL記念】「月イベントオールスターズ」を%d回クリアしよう<br>「月イベントオールスターズ」の全ステージがクリアカウントの対象（進行度%d/%d）
9423,【8000万DL記念】イベントミッションを全てクリアして<br>プラチナのかけらを手に入れよう！
9424,【サイクロン祭】イベント限定ミッション<br>「メガサターン」ステージをクリアしよう
9425,「悪魔のジューンブライド」イベントガチャで<br>「古びたタマゴ:N203」を1体手に入れよう！
9426,#02「恐怖の披露宴」のステージ1でスコア8200を獲得しよう<br>ステージをクリアすることでスコアは記録されます
9427,#02「恐怖の披露宴」のステージ2でスコア7200を獲得しよう<br>ステージをクリアすることでスコアは記録されます
9428,#02「恐怖の披露宴」のステージ3でスコア7100を獲得しよう<br>ステージをクリアすることでスコアは記録されます
9429,#02「恐怖の披露宴」のステージ4でスコア6200を獲得しよう<br>ステージをクリアすることでスコアは記録されます
9430,#02「恐怖の披露宴」のステージ5でスコア4500を獲得しよう<br>ステージをクリアすることでスコアは記録されます
9431,#02「恐怖の披露宴」ステージ1~5までの<br>スコア獲得のミッションをクリアして獣石を手に入れよう！
9434,ケリ姫コラボステージを%d回クリアしよう<br>ケリ姫コラボの全ステージがクリアカウントの対象（進行度%d/%d）,スペシャルミッションに<br>ケリ姫コラボミッションが追加されたにゃ！
9435,ケリ姫コラボステージを%d回クリアしよう<br>ケリ姫コラボの全ステージがクリアカウントの対象（進行度%d/%d）
9436,ケリ姫コラボステージを%d回クリアしよう<br>ケリ姫コラボの全ステージがクリアカウントの対象（進行度%d/%d）
9437,城とドラゴンコラボステージを%d回クリアしよう<br>城とドラゴンコラボの全ステージがクリアカウントの対象（進行度%d/%d）,スペシャルミッションに<br>城とドラゴンコラボミッションが追加されたにゃ！
9438,城とドラゴンコラボステージを%d回クリアしよう<br>城とドラゴンコラボの全ステージがクリアカウントの対象（進行度%d/%d）
9439,城とドラゴンコラボステージを%d回クリアしよう<br>城とドラゴンコラボの全ステージがクリアカウントの対象（進行度%d/%d）
9440,初音ミクコラボステージを%d回クリアしよう<br>初音ミクコラボの全ステージがクリアカウントの対象（進行度%d/%d）,スペシャルミッションに<br>初音ミクコラボミッションが追加されたにゃ！
9441,初音ミクコラボステージを%d回クリアしよう<br>初音ミクコラボの全ステージがクリアカウントの対象（進行度%d/%d）
9442,初音ミクコラボステージを%d回クリアしよう<br>初音ミクコラボの全ステージがクリアカウントの対象（進行度%d/%d）
9443,【第1章 ネコたちの冒険】①イベントガチャから一緒に旅をする仲間を探そう！<br>情報：11周年で初めて一緒に旅をする特別なネコ,スペシャルミッションに<br>11周年ミッション【第1章】が追加されたにゃ！
9444,【第1章 ネコたちの冒険】②イベントガチャから一緒に旅をする仲間を探そう！<br>情報：10周年で登場した、石の上で考え続けるネコ
9445,【第1章 ネコたちの冒険】③イベントガチャから一緒に旅をする仲間を探そう！<br>情報：9周年で登場した、勝者に贈られる高額賞金のプレート
9446,【第1章 ネコたちの冒険】④イベントガチャから一緒に旅をする仲間を探そう！<br>情報：リアルイベント開催で登場した福を招く縁起のいいネコ
9447,【第1章 ネコたちの冒険】⑤イベントガチャから一緒に旅をする仲間を探そう！<br>情報：にゃんこ大戦争5周年で発行された記念のメダル
9449,【第1章 ネコたちの冒険】ステージを%d回クリアしよう！<br>「ネコたちの冒険」の全ステージがクリアカウントの対象（進行度%d/%d）
9450,【第1章 ネコたちの冒険】ステージを%d回クリアしよう！<br>「ネコたちの冒険」の全ステージがクリアカウントの対象（進行度%d/%d）
9451,【第1章 ネコたちの冒険】ステージを%d回クリアしよう！<br>「ネコたちの冒険」の全ステージがクリアカウントの対象（進行度%d/%d）
9452,【第2章 ツボ洞窟の死闘】EXステージを%d回クリアしよう！<br>「ツボ洞窟の死闘」のEXステージがクリアカウントの対象（進行度%d/%d）,スペシャルミッションに<br>11周年ミッション【第2章】が追加されたにゃ！
9455,【第3章 ネコの結婚】<br>3日間、ネコとお喋りしよう！,スペシャルミッションに<br>11周年ミッション【第3章】が追加されたにゃ！
9456,【第4章 村人たちの依頼】①日本編1章の該当ステージをクリアしよう！<br>ワシの代わりに地獄めぐりに行ってお土産話を聞かせてくれんかの,スペシャルミッションに<br>11周年ミッション【第4章】が追加されたにゃ！
9457,【第4章 村人たちの依頼】②日本編1章の該当ステージをクリアしよう！<br>母の故郷のおいしいうどんが食べたいの、持ってきてくれないかしら
9458,【第4章 村人たちの依頼】③日本編1章の該当ステージをクリアしよう！<br>金で出来た魚の像があるんだってね！どこで見られるんだろう？
9459,【第4章 村人たちの依頼】④日本編1章の該当ステージをクリアしよう！<br>将来は大好きなせんべい屋になりたい！修行するならどこがいいかな？
9460,【第4章 村人たちの依頼】⑤日本編1章の該当ステージをクリアしよう！<br>二人仲良しな果実があるんだって。赤くて甘いらしいよ。見てみたいなあ
9461,【第4章 村人たちの依頼】<br>村人たちの依頼を%dつ全て叶えてあげよう！（進行度%d/%d）
9462,【第5章 わんわん城の戦い】大王の化身があらわれた！ステージをクリアしよう<br>イベント期間中に「大王の化身があらわれた！」をクリアすれば達成,スペシャルミッションに<br>11周年ミッション【第5章】が追加されたにゃ！
9465,【11周年ミッション】第1章から最終章までの<br>全てのミッションをクリアしてプラチナチケットを手に入れよう！
64,11周年記念ミッション<br>イベント期間中に日本編1章をクリアすれば達成
9466,【最終章 決戦！わんわん大王】<br>ステージをクリアして、11年目の真実を明らかにしよう！
9467,異界にゃんこ塔の50階をクリアしよう<br>※既に取得済みの方は取得できません,スペシャルミッションに<br>異界にゃんこ塔ミッションが追加されたにゃ！
9468,メタルスラッグコラボステージを%d回クリアしよう<br>メタルスラッグコラボの全ステージがクリアカウントの対象（進行度%d/%d）,スペシャルミッションに<br>メタルスラッグコラボミッションが追加されたにゃ！
9469,メタルスラッグコラボステージを%d回クリアしよう<br>メタルスラッグコラボの全ステージがクリアカウントの対象（進行度%d/%d）
9470,メタルスラッグコラボステージを%d回クリアしよう<br>メタルスラッグコラボの全ステージがクリアカウントの対象（進行度%d/%d）
9471,【9000万DL記念】イベントミッションを全てクリアして<br>プラチナのかけらを手に入れよう！,スペシャルミッションに<br>9000万DL記念ミッションが追加されたにゃ！
9472,【9000万DL記念】ガマトトを探検に出発させて%d回探検終了させよう<br>いずれかのエリアで1回探検終了で達成（進行度%d/%d）
9473,【9000万DL記念】ガマトトを探検に出発させて%d回探検終了させよう<br>いずれかのエリアで3回探検終了で達成（進行度%d/%d）
9474,【9000万DL記念】ガマトトを探検に出発させて%d回探検終了させよう<br>いずれかのエリアで5回探検終了で達成（進行度%d/%d）
9475,【9000万DL記念】「9000万ダウンロード記念 ハッピープレゼント！」を<br>%d回クリアしよう！（進行度%d/%d）
9476,【9000万DL記念】「9000万ダウンロード記念 ハッピープレゼント！」を<br>%d回クリアしよう！（進行度%d/%d）
9477,【9000万DL記念】「9000万ダウンロード記念 ハッピープレゼント！」を<br>%d回クリアしよう！（進行度%d/%d）
9478,【9000万DL記念】にゃんこ大戦争のステージを%d回クリアしよう<br>にゃんこ大戦争の全ステージがクリアカウントの対象（進行度%d/%d）
9479,【9000万DL記念】にゃんこ大戦争のステージを%d回クリアしよう<br>にゃんこ大戦争の全ステージがクリアカウントの対象（進行度%d/%d）
9489,るろうに剣心コラボステージを%d回クリアしよう<br>るろうに剣心コラボの全ステージがクリアカウントの対象（進行度%d/%d）,スペシャルミッションに<br>るろうに剣心コラボミッションが追加されたにゃ！
9490,るろうに剣心コラボステージを%d回クリアしよう<br>るろうに剣心コラボの全ステージがクリアカウントの対象（進行度%d/%d）
9491,るろうに剣心コラボステージを%d回クリアしよう<br>るろうに剣心コラボの全ステージがクリアカウントの対象（進行度%d/%d）
9492,「悪魔のジューンブライド」イベントガチャで<br>「古びたタマゴ:N205」を1体手に入れよう！
9493,【異次元コロシアム】イベント限定ミッション<br>異次元コロシアムのステージレベル1ステージ3をクリアしよう,スペシャルミッションに<br>異次元コロシアムミッションが追加されたにゃ！
9494,【異次元コロシアム】イベント限定ミッション<br>異次元コロシアムのステージレベル1ステージ5をクリアしよう
9495,【異次元コロシアム】イベント限定ミッション<br>異次元コロシアムのステージレベル2ステージ3をクリアしよう
9496,【異次元コロシアム】イベント限定ミッション<br>異次元コロシアムのステージレベル2ステージ5をクリアしよう
9499,【降臨祭】イベント限定ミッション<br>「奈落門」ステージをクリアしよう
9500,【降臨祭】イベント限定ミッション<br>「はじめてのお遣い」ステージをクリアしよう
9501,【降臨祭】イベント限定ミッション<br>「綺羅星ペロ降臨」ステージをクリアしよう
9502,【降臨祭】イベント限定ミッション<br>「死霊妖精クオリネム降臨」ステージをクリアしよう
9503,【降臨祭】イベント限定ミッション<br>「古王妃飛来」ステージをクリアしよう
9504,【降臨祭】イベント限定ミッション<br>「聖者ポプウ降臨」ステージをクリアしよう
9505,【降臨祭】「阿亀と赤子」ステージをクリアしよう<br> EXステージもクリアしないと達成済みになりません
9506,【降臨祭】「王子と死霊」ステージをクリアしよう<br>EXステージもクリアしないと達成済みになりません
9507,【降臨祭】「蜜江と聖者」ステージをクリアしよう<br>EXステージもクリアしないと達成済みになりません
9508,夏休みの宿題【第1弾】④：かんぺきな体験レポートの作成<br>「ねこのなつやすみ」ステージを%d回クリア（進行度%d/%d）
9509,夏休みの自由研究【第2弾】⑤：昆虫らしき生命体の更なる観察<br>「カブトネコ」を編成し「夏の夜、帰り道」のステージ1をクリア
9510,夏休みの自由研究【第2弾】⑥：昆虫らしき生命体の更なる観察<br>「クワガタネコ」を編成し「夏の夜、帰り道」のステージ2をクリア
9511,夏休みの自由研究【第2弾】⑦：昆虫らしき生命体の更なる観察<br>「古びたタマゴ:N202」を編成し「夏の夜、帰り道」のステージ3をクリア
9512,ビックリマンコラボステージを%d回クリアしよう<br>ビックリマンコラボの全ステージがクリアカウントの対象（進行度%d/%d）,スペシャルミッションに<br>ビックリマンコラボミッションが追加されたにゃ！
9513,ビックリマンコラボステージを%d回クリアしよう<br>ビックリマンコラボの全ステージがクリアカウントの対象（進行度%d/%d）
9514,ビックリマンコラボステージを%d回クリアしよう<br>ビックリマンコラボの全ステージがクリアカウントの対象（進行度%d/%d）
9515,ビックリマンコラボステージを%d回クリアしよう<br>ビックリマンコラボの全ステージがクリアカウントの対象（進行度%d/%d）
9516,ビックリマンコラボステージを%d回クリアしよう<br>ビックリマンコラボの全ステージがクリアカウントの対象（進行度%d/%d）
9517,ビックリマンコラボステージを%d回クリアしよう<br>ビックリマンコラボの全ステージがクリアカウントの対象（進行度%d/%d）
9518,島脱出計画【第1弾】：窮地のサバイバル①<br>「ねこのなつやすみ サバイバル」ステージを%d回クリア（進行度%d/%d）,スペシャルミッションに<br>「島脱出計画【第1弾】」が追加されたにゃ！
9519,島脱出計画【第1弾】：窮地のサバイバル②<br>「ねこのなつやすみ サバイバル」ステージを%d回クリア（進行度%d/%d）
9520,島脱出計画【第1弾】：窮地のサバイバル③<br>「ねこのなつやすみ サバイバル」ステージを%d回クリア（進行度%d/%d）
9521,島脱出計画【第1弾】①：巨大な食材を求めて<br>「イカ」を編成し「生きろ！マンボウ！」のステージ1をクリア
9522,島脱出計画【第1弾】②：巨大な食材を求めて<br>「イワシ」を編成し「３億匹の仲間はみな死んだ」のステージ3をクリア
9523,島脱出計画【第1弾】③：巨大な食材を求めて<br>「古びたタマゴ:N206」を編成し「３億匹の仲間はみな死んだ」%d回クリア（進行度%d/%d）
9524,島脱出計画【第2弾】：大自然との激闘<br>「ジャングルサバイバル」のステージ1をクリア,スペシャルミッションに<br>「島脱出計画【第2弾】」が追加されたにゃ！
9525,島脱出計画【第2弾】②：大自然との激闘<br>「ジャングルサバイバル」のステージ4をクリア
9526,ハロウィンイベントステージを%d回クリアしよう<br>ハロウィンイベントの全ステージがクリアカウントの対象（進行度%d/%d）,スペシャルミッションに<br>ハロウィンイベントミッションが追加されたにゃ！
9527,ハロウィンイベントステージを%d回クリアしよう<br>ハロウィンイベントの全ステージがクリアカウントの対象（進行度%d/%d）
9528,ハロウィンイベントステージを%d回クリアしよう<br>ハロウィンイベントの全ステージがクリアカウントの対象（進行度%d/%d）
9529,ハロウィンパーティスペシャルイベントガチャから<br>目玉アイテムを手に入れよう！
9530,ハロウィンイベントミッションを全てクリアして<br>レアチケットを手に入れよう！
9531,【初心者応援キャンペーン】日本編のステージを%d回クリアしよう<br>日本編の全ステージがクリアカウントの対象（進行度%d/%d）,スペシャルミッションに<br>初心者応援キャンペーンが追加されたにゃ！
9532,【初心者応援キャンペーン】日本編のステージを%d回クリアしよう<br>日本編の全ステージがクリアカウントの対象（進行度%d/%d）
9533,【初心者応援キャンペーン】日本編のステージを%d回クリアしよう<br>日本編の全ステージがクリアカウントの対象（進行度%d/%d）
9534,【初心者応援キャンペーン】日本編の福岡ステージをクリアして<br>レアガチャを回せるレアチケットを手に入れよう！
9535,【初心者応援キャンペーン】日本編の福岡ステージをクリアして<br>統率力を回復できるリーダーシップを手に入れよう！
9536,天下統一への道：①～⑥までの全てのミッションをクリアして<br>プラチナチケットを手に入れよう！,スペシャルミッションに<br>12周年ミッション天下統一への道が追加されたにゃ！
9537,天下統一への道：①～④までの全てのミッションをクリアして<br>見習い武者ネコを仲間にしよう！
9538,天下統一への道①：<br>「天下統一への道 ～前編～」のステージ5をクリアしよう！
9539,天下統一への道②：「わんこの乱～前編～」を%d回クリアしよう！<br>※「天下統一への道～前編～」のクリア済みステージに時間経過で発生
9540,天下統一への道③：<br>「合戦！武将ニャンダム」のステージ1をクリアしよう！,スペシャルミッションに<br>12周年ミッション天下統一への道③が追加されたにゃ！
9541,天下統一への道④：3日間、ネコ基地のネコとお喋りして<br>援軍要請に応えよう！,スペシャルミッションに<br>12周年ミッション天下統一への道④が追加されたにゃ！
9542,天下統一への道⑤：<br>「天下統一への道 ～後編～」のステージ1をクリアしよう！,スペシャルミッションに<br>12周年ミッション天下統一への道⑤が追加されたにゃ！
9543,天下統一への道⑥：<br>「決戦！反逆の戦国魔王」のステージ1をクリアしよう！,スペシャルミッションに<br>12周年ミッション天下統一への道⑥が追加されたにゃ！
9544,超高難易度ミッション①：「魂底からの帰化」のステージ6を<br>生産額1000円以上のキャラクターだけ編成して1回クリアしよう！,スペシャルミッションに<br>超高難易度ミッション①②が追加されたにゃ！
9545,超高難易度ミッション②：「ところてん金鉱」のステージ6を<br>基本キャラクター9体以上編成して1回クリアしよう！
9546,超高難易度ミッション③：「古代樹の迷宮」のステージ6を<br>激レアキャラクター8体以上編成して1回クリアしよう！,スペシャルミッションに<br>超高難易度ミッション③④が追加されたにゃ！
9547,超高難易度ミッション④：「千年獣の霊峰」のステージ6を<br>生産額2000円以下のキャラクターだけ編成して1回クリアしよう！
9548,超高難易度ミッション⑤：「古代神樹」のステージ1を<br>キャラクター5体以下で編成して1回クリアしよう！,スペシャルミッションに<br>超高難易度ミッション⑤が追加されたにゃ！
9549,超高難易度ミッション⑥：「ゼロフィールド」のステージ1を<br>レアキャラクター9体以上編成して1回クリアしよう！,スペシャルミッションに<br>超高難易度ミッション⑥が追加されたにゃ！
9550,魔法少女まどか☆マギカコラボステージを%d回クリアしよう<br>魔法少女まどか☆マギカコラボの全ステージがクリアカウントの対象（進行度%d/%d）
9551,魔法少女まどか☆マギカコラボステージを%d回クリアしよう<br>魔法少女まどか☆マギカコラボの全ステージがクリアカウントの対象（進行度%d/%d）
9552,魔法少女まどか☆マギカコラボステージを%d回クリアしよう<br>魔法少女まどか☆マギカコラボの全ステージがクリアカウントの対象（進行度%d/%d）
9553,魔女討伐ミッション④：舞台装置の魔女「ワルプルギスの夜」を倒そう<br>対象の魔女はステージ「ワルプルギスの夜」で出現,スペシャルミッションに<br>魔法少女まどか☆マギカコラボミッションが追加されたにゃ！
9554,黄金にゃんこ塔の30階をクリアしよう<br> ※既に取得済みの方は取得できません,スペシャルミッションに<br> 黄金にゃんこ塔ミッションが追加されたにゃ！
9555,黄金にゃんこ塔の40階をクリアしよう<br>※既に取得済みの方は取得できません,スペシャルミッションに<br> 黄金にゃんこ塔ミッションが追加されたにゃ！
9556,黄金にゃんこ塔の50階をクリアしよう<br>※既に取得済みの方は取得できません,スペシャルミッションに<br> 黄金にゃんこ塔ミッションが追加されたにゃ！
9557,【1億DL記念】イベントミッションを全てクリアして<br>プラチナのかけらを手に入れよう！,スペシャルミッションに<br> 1億DL記念ミッションが追加されたにゃ！
9558,【1億DL記念】ガマトトを探検に出発させて%d回探検終了させよう<br>いずれかのエリアで1回探検終了で達成（進行度%d/%d）
9559,【1億DL記念】ガマトトを探検に出発させて%d回探検終了させよう<br>いずれかのエリアで3回探検終了で達成（進行度%d/%d）
9560,【1億DL記念】ガマトトを探検に出発させて%d回探検終了させよう<br>いずれかのエリアで5回探検終了で達成（進行度%d/%d）
9561,【1億DL記念】「1億ダウンロード記念 ハッピープレゼント！」を<br>%d回クリアしよう！（進行度%d/%d）
9562,【1億DL記念】「1億ダウンロード記念 ハッピープレゼント！」を<br>%d回クリアしよう！（進行度%d/%d）
9563,【1億DL記念】「1億ダウンロード記念 ハッピープレゼント！」を<br>%d回クリアしよう！（進行度%d/%d）
9564,【1億DL記念】にゃんこ大戦争のステージを%d回クリアしよう<br>にゃんこ大戦争の全ステージがクリアカウントの対象（進行度%d/%d）
9565,【1億DL記念】にゃんこ大戦争のステージを%d回クリアしよう<br>にゃんこ大戦争の全ステージがクリアカウントの対象（進行度%d/%d）
9566,【トキメキにゃんこ学園】「Season1～学園生活～」を<br>%d回クリアしよう！（進行度%d/%d）,スペシャルミッションに<br>トキメキにゃんこ学園ミッションが追加されたにゃ！
9567,【トキメキにゃんこ学園】「Season2～トキメキ文化祭～」を<br>%d回クリアしよう！（進行度%d/%d）,スペシャルミッションに<br>トキメキにゃんこ学園ミッションが追加されたにゃ！
9568,【トキメキにゃんこ学園】「Season3～修学旅行～」を<br>%d回クリアしよう！（進行度%d/%d）,スペシャルミッションに<br>トキメキにゃんこ学園ミッションが追加されたにゃ！
9569,【トキメキにゃんこ学園】「Season4～卒業の日～」を<br>%d回クリアしよう！（進行度%d/%d）,スペシャルミッションに<br>トキメキにゃんこ学園ミッションが追加されたにゃ！
9570,【トキメキにゃんこ学園】「Weekend～告白～」を<br>%d回クリアしよう！（進行度%d/%d）,スペシャルミッションに<br>トキメキにゃんこ学園ミッションが追加されたにゃ！
9571,範馬刃牙コラボステージを%d回クリアしよう<br>範馬刃牙コラボの全ステージがクリアカウントの対象（進行度%d/%d）,スペシャルミッションに<br>範馬刃牙コラボミッションが追加されたにゃ！
9572,範馬刃牙コラボステージを%d回クリアしよう<br>範馬刃牙コラボの全ステージがクリアカウントの対象（進行度%d/%d）
9573,範馬刃牙コラボステージを%d回クリアしよう<br>範馬刃牙コラボの全ステージがクリアカウントの対象（進行度%d/%d）
9574,範馬刃牙コラボステージを%d回クリアしよう<br>範馬刃牙コラボの全ステージがクリアカウントの対象（進行度%d/%d）
9575,範馬刃牙コラボステージを%d回クリアしよう<br>範馬刃牙コラボの全ステージがクリアカウントの対象（進行度%d/%d）
9576,天下統一への道：①～③までのミッションをクリアして<br>見習い武者ネコを仲間にしよう！
9577,天下統一への道①：「天下統一への道 ～前編～」のステージを%d回クリアしよう<br>「天下統一への道 ～前編～」の全ステージがクリアカウントの対象（進行度%d/%d）,スペシャルミッションに<br>12と1/2周年ミッション天下統一への道が追加されたにゃ！
9578,天下統一への道②：「わんこの乱～前編～」を%d回クリアしよう！<br>※「天下統一への道 ～前編～」のクリア済みステージに時間経過で発生（進行度%d/%d）
9579,「黒船来航」のステージを%d回クリアしよう<br>「黒船来航」の全ステージがクリアカウントの対象（進行度%d/%d）
9580,天下統一への道③：「天下統一への道 ～後編～」のステージを%d回クリアしよう<br>「天下統一への道 ～後編～」の全ステージがクリアカウントの対象（進行度%d/%d）,スペシャルミッションに<br>12と1/2周年ミッション天下統一への道が追加されたにゃ！
9581,天下統一への道④：<br>「決戦！反逆の戦国魔王」のステージ1をクリアしよう！,スペシャルミッションに<br>12と1/2周年ミッション天下統一への道が追加されたにゃ！
9582,【プレミアムフェア】ミッションをすべてクリアして<br>レアチケットを手に入れよう！,スペシャルミッションに<br>プレミアムフェアミッションが追加されたにゃ！
9583,【プレミアムフェア】ネコ基地でにゃんこガチャを%d回引こう<br>にゃんこガチャ画面内の全てのガチャが対象（進行度%d/%d）
9584,【プレミアムフェア】ガマトトを探検に出発させて%d回探検終了させよう<br>いずれかのエリアで2回探検終了で達成（進行度%d/%d）
9585,【プレミアムフェア】ガマトトを探検に出発させて%d回探検終了させよう<br>いずれかのエリアで1回探検終了で達成（進行度%d/%d）
9586,【プレミアムフェア】イベントのステージを%d回クリアしよう<br>「プレミアムフェア」の全ステージがクリアカウントの対象（進行度%d/%d）
9587,【プレミアムフェア】プレミアムフェアスペシャルイベントガチャから<br>目玉アイテムを手に入れよう！
9594,ソニック・ザ・ヘッジホッグコラボステージを%d回クリアしよう<br>コラボの全ステージがクリアカウントの対象（進行度%d/%d）,スペシャルミッションにソニック・ザ・ヘッジホッグ<br>コラボミッションが追加されたにゃ！
9595,ソニック・ザ・ヘッジホッグコラボステージを%d回クリアしよう<br>コラボの全ステージがクリアカウントの対象（進行度%d/%d）
9596,ソニック・ザ・ヘッジホッグコラボステージを%d回クリアしよう<br>コラボの全ステージがクリアカウントの対象（進行度%d/%d）
9597,ソニック・ザ・ヘッジホッグコラボステージを%d回クリアしよう<br>コラボの全ステージがクリアカウントの対象（進行度%d/%d）
9598,ガマトトを探検に出発させて%d回探検終了させよう<br>コラボ期間中にいずれかのエリアで5回探検終了で達成（進行度%d/%d）
9599,おかえりミッション①：ステージを%d回クリアしよう<br>ゲーム内の全ステージが対象（進行度%d/%d）,カムバック限定！<br>スペシャルミッションに<br>おかえりミッションが追加されたにゃ！
9600,おかえりミッション②：ステージを%d回クリアしよう<br>ゲーム内の全ステージが対象（進行度%d/%d）
9601,おかえりミッション③：ステージを%d回クリアしよう<br>ゲーム内の全ステージが対象（進行度%d/%d）
9602,おかえりミッション④：ステージを%d回クリアしよう<br>ゲーム内の全ステージが対象（進行度%d/%d）
9603,おかえりミッション⑤：ステージを%d回クリアしよう<br>ゲーム内の全ステージが対象（進行度%d/%d）
9604,おかえりミッション⑥：ステージを%d回クリアしよう<br>ゲーム内の全ステージが対象（進行度%d/%d）
9605,おかえりミッション⑦：ステージを%d回クリアしよう<br>ゲーム内の全ステージが対象（進行度%d/%d）
9606,おかえりミッションFINAL：ステージを%d回クリアしよう<br>ゲーム内の全ステージが対象（進行度%d/%d）
9607,島脱出計画【第1弾】：窮地のサバイバル④<br>「ねこのなつやすみ サバイバル」ステージを%d回クリア（進行度%d/%d）
9608,島脱出計画【第1弾】：巨大な食材を求めて①<br>生きろ！マンボウ！コラボのステージを%d回クリア（進行度%d/%d）
9609,島脱出計画【第1弾】：巨大な食材を求めて②<br>生きろ！マンボウ！コラボのステージを%d回クリア（進行度%d/%d）
9610,島脱出計画【第1弾】：巨大な食材を求めて③<br>生きろ！マンボウ！コラボのステージを%d回クリア（進行度%d/%d）
9611,島脱出計画【第1弾】：巨大な食材を求めて④<br>「イワシ」をイベントガチャから3体手に入れよう！
9612,島脱出計画【第1弾】：巨大な食材を求めて⑤<br>「イカ」をイベントガチャから3体手に入れよう！
9613,島脱出計画【第1弾】：巨大な食材を求めて⑥<br>「タスマニアオオガニ」をイベントガチャから3体手に入れよう！
9614,島脱出計画【第1弾】：巨大な食材を求めて⑦<br>「古びたタマゴ:N206」をイベントガチャから3体手に入れよう！
9615,島脱出計画【第1弾】：雨にも負けず嵐にも負けず①<br>「破天候予報」ステージを%d回クリア（進行度%d/%d）
9616,島脱出計画【第1弾】：雨にも負けず嵐にも負けず②<br>「破天候予報」ステージを%d回クリア（進行度%d/%d）
9617,島脱出計画【第1弾】：雨にも負けず嵐にも負けず③<br>「破天候予報」ステージを%d回クリア（進行度%d/%d）
9618,島脱出計画【第1弾】：雨にも負けず嵐にも負けず④<br>「破天候予報」ステージを%d回クリア（進行度%d/%d）
9619,島脱出計画【第3弾】：島に潜む影<br>「島を守りし者強襲！」のステージ1をクリア,スペシャルミッションに<br>「島脱出計画【第3弾】」が追加されたにゃ！
9620,リゾート経営【第1弾】：夢のパラダイス計画①<br>「ねこのなつやすみ パラダイス」ステージを%d回クリア（進行度%d/%d）,スペシャルミッションに<br>「リゾート経営【第1弾】」が追加されたにゃ！
9621,リゾート経営【第1弾】：夢のパラダイス計画②<br>「ねこのなつやすみ パラダイス」ステージを%d回クリア（進行度%d/%d）
9622,リゾート経営【第1弾】：夢のパラダイス計画③<br>「ねこのなつやすみ パラダイス」ステージを%d回クリア（進行度%d/%d）
9623,リゾート経営【第1弾】：ビジネスの仲間と契約①<br>「ネココンサルタント」をイベントガチャから1体手に入れよう！
9624,リゾート経営【第1弾】：ビジネスの仲間と契約②<br>「ネココンサルタント」をイベントガチャから3体手に入れよう！
9625,リゾート経営【第1弾】：4日間、ネコ基地のネコとお喋りして<br>リゾート経営の様子を聞いてみよう！
9626,リゾート経営【第2弾】：成功者のセレブな生活<br>「豪遊リゾートランド」のステージ1をクリア,スペシャルミッションに<br>「リゾート経営【第2弾】」が追加されたにゃ！
9627,リゾート経営【第3弾】：体を癒す至福のひととき<br>「サウナスパで極楽」ステージを%d回クリア（進行度%d/%d）,スペシャルミッションに<br>「リゾート経営【第3弾】」が追加されたにゃ！
9628,【1億1000万DL記念】イベントミッションを全てクリアして<br>レアチケットを手に入れよう！,スペシャルミッションに<br> 1億1000万DL記念ミッションが追加されたにゃ！
9629,【1億1000万DL記念】ガマトトを探検に出発させて%d回探検終了させよう<br>いずれかのエリアで1回探検終了で達成（進行度%d/%d）
9630,【1億1000万DL記念】ガマトトを探検に出発させて%d回探検終了させよう<br>いずれかのエリアで3回探検終了で達成（進行度%d/%d）
9631,【1億1000万DL記念】ガマトトを探検に出発させて%d回探検終了させよう<br>いずれかのエリアで5回探検終了で達成（進行度%d/%d）
9632,【1億1000万DL記念】「1億1000万ダウンロード記念 ハッピープレゼント！」を<br>%d回クリアしよう！（進行度%d/%d）
9633,【1億1000万DL記念】「1億1000万ダウンロード記念 ハッピープレゼント！」を<br>%d回クリアしよう！（進行度%d/%d）
9634,【1億1000万DL記念】「1億1000万ダウンロード記念 ハッピープレゼント！」を<br>%d回クリアしよう！（進行度%d/%d）
9635,【1億1000万DL記念】にゃんこ大戦争のステージを%d回クリアしよう<br>にゃんこ大戦争の全ステージがクリアカウントの対象（進行度%d/%d）
9636,【1億1000万DL記念】にゃんこ大戦争のステージを%d回クリアしよう<br>にゃんこ大戦争の全ステージがクリアカウントの対象（進行度%d/%d）
9637,ストリートファイター6コラボステージを%d回クリアしよう<br>コラボの全ステージがクリアカウントの対象（進行度%d/%d）,スペシャルミッションに<br>ストリートファイター6コラボミッションが追加されたにゃ！
9638,ストリートファイター6コラボステージを%d回クリアしよう<br>コラボの全ステージがクリアカウントの対象（進行度%d/%d）
9639,ストリートファイター6コラボステージを%d回クリアしよう<br>コラボの全ステージがクリアカウントの対象（進行度%d/%d）
9640,ストリートファイター6コラボステージを%d回クリアしよう<br>コラボの全ステージがクリアカウントの対象（進行度%d/%d）
9641,13周年超特別任務①<br>13周年特別任務【第3弾】までのミッションを全てクリアしよう
9642,13周年超特別任務②<br>全ての「にゃんこレンジャー」を仲間にしよう
9643,13周年特別任務【第1弾】：「スカーフにゃんこ」を仲間にしよう<br>※入手方法のヒントはゲーム内のお知らせをチェック！,スペシャルミッションに<br>13周年特別任務【第1弾】が追加されたにゃ！
9644,13周年特別任務【第1弾】：<br>「第1話 正義のヒーロー参上！」を%d回クリアしよう（進行度%d/%d）
9645,13周年特別任務【第1弾】：「緊急！出動要請」を%d回クリアしよう<br>※「第1話 正義のヒーロー参上！」のクリア済みステージに時間経過で発生
9646,13周年特別任務【第2弾】：「ハットにゃんこ」を仲間にしよう<br>※入手方法のヒントはゲーム内のお知らせをチェック！,スペシャルミッションに<br>13周年特別任務【第2弾】が追加されたにゃ！
9647,13周年特別任務【第2弾】：<br>「第2話 悪の巨顔」を%d回クリアしよう
9648,13周年特別任務【第3弾】：<br>4日間、ネコ基地のネコとお喋りしてレンジャーに入団しよう,スペシャルミッションに<br>13周年特別任務【第3弾】が追加されたにゃ！
9649,13周年特別任務【第3弾】：<br>「第3話 黒き貴婦人」を%d回クリアしよう
9650,13周年特別任務【第3弾】：<br>「第4話 秘密特訓」を%d回クリアしよう
9651,13周年特別任務【第4弾】：「ゴーグルにゃんこ」を仲間にしよう<br>※入手方法のヒントはゲーム内のお知らせをチェック！,スペシャルミッションに<br>13周年特別任務【第4弾】が追加されたにゃ！
9652,13周年特別任務【第4弾】：<br>「第5話 宿敵再び」を%d回クリアしよう
9653,13周年特別任務【第5弾】：「リボンにゃんこ」を仲間にしよう<br>※入手方法のヒントはゲーム内のお知らせをチェック！,スペシャルミッションに<br>13周年特別任務【第5弾】が追加されたにゃ！
9654,13周年特別任務【第5弾】：<br>「第6話 襲い来る黒幕」を%d回クリアしよう
9655,13周年特別任務【第5弾】：<br>「最終話 悪の終着点」を%d回クリアしよう
9656,超高難易度ミッション⑦：「枯れた思考の庭」のステージ6を<br>全てのキャラを第2形態で編成して1回クリアしよう！,スペシャルミッションに<br>超高難易度ミッション⑦が追加されたにゃ！
9657,バレンタインイベントステージを%d回クリアしよう<br>バレンタインイベントの全ステージがクリアカウントの対象（進行度%d/%d）,スペシャルミッションに<br>バレンタインミッションが追加されたにゃ！
9658,バレンタインイベントステージを%d回クリアしよう<br>バレンタインイベントの全ステージがクリアカウントの対象（進行度%d/%d）
9659,バレンタインイベントステージを%d回クリアしよう<br>バレンタインイベントの全ステージがクリアカウントの対象（進行度%d/%d）
9660,【アニメ「鬼滅の刃」】コラボステージを%d回クリアしよう<br>コラボの全ステージがクリアカウントの対象（進行度%d/%d）,スペシャルミッションに<br> 【アニメ「鬼滅の刃」】コラボミッションが追加されたにゃ！
9661,【アニメ「鬼滅の刃」】コラボステージを%d回クリアしよう<br>コラボの全ステージがクリアカウントの対象（進行度%d/%d）
9662,【アニメ「鬼滅の刃」】コラボステージを%d回クリアしよう<br>コラボの全ステージがクリアカウントの対象（進行度%d/%d）
9663,【アニメ「鬼滅の刃」】特別任務①～④のミッションを全てクリアして<br>レアチケットを手に入れよう！,スペシャルミッションに<br> 【アニメ「鬼滅の刃」】特別任務①が追加されたにゃ！
9664,【アニメ「鬼滅の刃」】特別任務①<br>「特別任務！鬼化クマ先生討伐」ステージを1回クリアしよう
9665,【アニメ「鬼滅の刃」】特別任務②<br>「特別任務！累討伐」ステージを1回クリアしよう,スペシャルミッションに<br> 【アニメ「鬼滅の刃」】特別任務②が追加されたにゃ！
9666,【アニメ「鬼滅の刃」】特別任務③<br>「特別任務！魘夢討伐」ステージを1回クリアしよう,スペシャルミッションに<br> 【アニメ「鬼滅の刃」】特別任務③が追加されたにゃ！
9667,【アニメ「鬼滅の刃」】特別任務④<br>「特別任務！猗窩座討伐」ステージを1回クリアしよう,スペシャルミッションに<br> 【アニメ「鬼滅の刃」】特別任務④が追加されたにゃ！
9673,【トキメキにゃんこ学園】「After School ～恋文～」を<br>%d回クリアしよう！（進行度%d/%d）,スペシャルミッションに<br>トキメキにゃんこ学園ミッションが追加されたにゃ！
9674,【1億1111万DL記念】イベントミッションを全てクリアして<br>レアチケットを手に入れよう！,スペシャルミッションに<br> 1億1111万DL記念ミッションが追加されたにゃ！
9675,【1億1111万DL記念】ガマトトを探検に出発させて%d回探検終了させよう<br>いずれかのエリアで1回探検終了で達成（進行度%d/%d）
9676,【1億1111万DL記念】ガマトトを探検に出発させて%d回探検終了させよう<br>いずれかのエリアで3回探検終了で達成（進行度%d/%d）
9677,【1億1111万DL記念】ガマトトを探検に出発させて%d回探検終了させよう<br>いずれかのエリアで5回探検終了で達成（進行度%d/%d）
9678,【1億1111万DL記念】「1億1111万ダウンロード記念 ハッピープレゼント！」を<br>%d回クリアしよう！（進行度%d/%d）
9679,【1億1111万DL記念】「1億1111万ダウンロード記念 ハッピープレゼント！」を<br>%d回クリアしよう！（進行度%d/%d）
9680,【1億1111万DL記念】「1億1111万ダウンロード記念 ハッピープレゼント！」を<br>%d回クリアしよう！（進行度%d/%d）
9681,【1億1111万DL記念】にゃんこ大戦争のステージを%d回クリアしよう<br>にゃんこ大戦争の全ステージがクリアカウントの対象（進行度%d/%d）
9682,【1億1111万DL記念】にゃんこ大戦争のステージを%d回クリアしよう<br>にゃんこ大戦争の全ステージがクリアカウントの対象（進行度%d/%d）
11000,ランキングの間（赤てん大会）
11001,ランキングの間（メン・イン・ブラック大会）
11002,ランキングの間（不死鳥大会）
11003,ランキングの間（5周年記念大会）
11004,ランキングの間（無気力修行）
11005,ランキングの間（6周年記念大会）
11006,ランキングの間（乱闘！サーヴァント大襲来！）
11007,ランキングの間（おさかな天国）
11008,ランキングの間（襲来！ケリ姫軍団）
11009,ランキングの間（城とドラゴンと道場）
11010,ランキングの間（ダミー）
11011,ランキングの間（ドラキュラ大会）
11012,ランキングの間（天空武闘大会）
11013,ランキングの間（宇宙よりの死者大会）
11014,ランキングの間（俺より強いやつに会いに行く）
11015,ランキングの間（7周年記念大会）
11016,ランキングの間（みくみく歌謡祭）
11017,超・ランキングの間（絶体絶命大会）
11018,ランキングの間(旧)（俺より強いやつに会いに行く）
11019,ランキングの間（8周年記念大会）
11020,ランキングの間【外伝】（赤てん大会）
11021,ランキングの間【外伝】（メン・イン・ブラック大会）
11022,ランキングの間【外伝】（不死鳥大会）
11023,ランキングの間（9と1/2周年記念大会）
11024,ランキングの間（10と1/2周年記念大会）
11025,ランキングの間（11と1/2周年記念大会）
11026,超ランキングの間（射程注意大会）
11027,ランキングの間（明治剣客浪漫大会）
11028,超ランキングの間（波動注意大会）
11029,ランキングの間（12と1/2周年記念大会）
11030,極ランキングの間（闘争本能大会[攻撃力ダウン]）
11031,ランキングの間（史上最強生物決定戦ッッ！）
11032,ランキングの間（ソニックバトル！）
11033,極ランキングの間（闘争本能大会[ふっとばす]）
11034,超ランキングの間（停止注意大会）
11035,極ランキングの間（闘争本能大会[めっぽう強い]）
11036,極ランキングの間（闘争本能大会[動きを止める]）
11037,ランキングの間（俺より強いやつに会いに行く）
11038,極ランキングの間（闘争本能大会[超ダメージ]）
11039,ランキングの間（13周年記念大会）
11040,極ランキングの間（闘争本能大会[動きを遅くする]）
11041,極ランキングの間（闘争本能大会[ふっとばす]）
11042,ランキングの間（特別招集！最強隊士決定戦）
11043,極ランキングの間（闘争本能大会[攻撃力ダウン]）
11044,極ランキングの間（闘争本能大会[めっぽう強い（防）]）
12000,チャレンジバトル
13000,真・伝説のはじまり
13001,まんぷく秘境
13002,アドベン大森林
13003,じゃぶじゃぶ旧海道
13004,ワンワン湾
13005,深淵を覗く者
13006,デスメガシティ
13007,無法地帯のオキテ
13008,パラリラ半島
13009,キャットクーデター
13010,桜んぼ島
13011,魂底からの帰化
13012,絶滅海洋タウン
13013,島流しリゾート
13014,まどいの魔道路
13015,天界バル横丁
13016,バトル銭湯
13017,はえぬき三連山
13018,マリン官邸
13019,学園に巣くう悪意
13020,ところてん金鉱
13021,酩酊製鉄所
13022,暴かれし神殿の秘宝
13023,帝政エイジャナイカ
13024,鋼鉄スポーツジム
13025,明星おきの島
13026,眠れる森の何か
13027,ラボラ・トリ島
13028,忘らるる墓所
13029,始まりを告げる朝
13030,ハッピーラッキー寺院
13031,キネマ怪館
13032,ダイバー都市
13033,ナシゴ・レン
13034,DNA果樹園
13035,古代樹の迷宮
13036,立ちはだかる者達の城
13037,時空のゆがみ
13038,大厄災のはじまり
13039,魔海域ビックラ港
13040,デッドヒートランド
13041,バラ色の袋小路
13042,千年獣の霊峰
13043,ムーディストビーチ
13044,猫追いしふるさと
13045,海賊王商店街
13046,真なる虚実を紡ぐ道
13047,人類ネコ化計画
13048,古代神樹
14000,進化の黄マタタビ
14001,進化の青マタタビ
14002,進化の赤マタタビ
14003,進化の紫マタタビ
14004,進化の緑マタタビ
14005,逆襲のカオル君
14006,逆襲のカバちゃん
14007,にゃんチケ★チャンス！
14008,超極ゲリラ経験値にゃ！
14009,極ゲリラ経験値にゃ！
14010,超ゲリラ経験値にゃ！
14011,ゲリラ経験値にゃ！
14012,断罪天使クオリネル降臨
14013,地獄門
14014,女帝飛来
14015,亡者デブウ降臨
14016,チワワン伯爵降臨
14017,夜は短し夢みよ乙女
14018,紅のカタストロフ
14019,ダークネスヘブン
14020,国士無双
14021,天罰
14022,鉄子の部屋
14023,絶望異次元
14024,狂乱のネコ降臨
14025,狂乱のタンク降臨
14026,狂乱のバトル降臨
14027,狂乱のキモネコ降臨
14028,狂乱のウシ降臨
14029,狂乱のトリ降臨
14030,狂乱のフィッシュ降臨
14031,狂乱のトカゲ降臨
14032,狂乱の巨神降臨
14033,ブルーインパクト
14034,狂乱のもねこ降臨
14035,緊急爆風警報
14036,ローリングデッド
14037,台風零号
14038,メガサターン
14039,ほの暗い沼の底から
14040,大狂乱のネコ降臨
14041,大狂乱のタンク降臨
14042,大狂乱のバトル降臨
14043,大狂乱のキモネコ降臨
14044,大狂乱のウシ降臨
14045,大狂乱のトリ降臨
14046,大狂乱のフィッシュ降臨
14047,大狂乱のトカゲ降臨
14048,大狂乱の巨神降臨
14049,絶望新次元
14050,超極悪ゲリラ経験値にゃ！
14051,進化の悪マタタビ
16000,レジェンドクエスト
17000,マンスリーミッション
17001,マンスリーミッションを3個クリアしよう<br>今月のマンスリーミッション%d個クリアすると達成（進行度%d/%d）
17002,マンスリーミッションを6個クリアしよう<br>今月のマンスリーミッション%d個クリアすると達成（進行度%d/%d）
17003,マンスリーミッションを9個クリアしよう<br>今月のマンスリーミッション%d個クリアすると達成（進行度%d/%d）
17004,マンスリーミッションを12個クリアしよう<br>今月のマンスリーミッション%d個クリアすると達成（進行度%d/%d）
17005,マンスリーミッションを15個クリアしよう<br>今月のマンスリーミッション%d個クリアすると達成（進行度%d/%d）
17006,マンスリーミッションを20個クリアしよう<br>今月のマンスリーミッション%d個クリアすると達成（進行度%d/%d）
17007,マンスリーミッションを25個クリアしよう<br>今月のマンスリーミッション%d個クリアすると達成（進行度%d/%d）
17008,マンスリーミッションを30個クリアしよう<br>今月のマンスリーミッション%d個クリアすると達成（進行度%d/%d）
18007,にゃんこスロット
18101,にゃんこスクラッチ
18102,にゃんこスクラッチ
20000,日本編第1章（ゾンビ）
20001,日本編第2章（ゾンビ）
20002,日本編第3章（ゾンビ）
21000,未来編第1章（ゾンビ）
21001,未来編第2章（ゾンビ）
21002,未来編第3章（ゾンビ）
22000,宇宙編第1章（ゾンビ）
22001,宇宙編第2章（ゾンビ）
22002,宇宙編第3章（ゾンビ）
23000,宇宙編第3章（フィリバスター）
24000,ヒュージゴマ強襲 !(旧)
24001,ヒュージゴマ強襲 !!(旧)
24002,ヒュージゴマ強襲 !!!(旧)
24003,ジャイアント黒蔵強襲 !(旧)
24004,ジャイアント黒蔵強襲 !!(旧)
24005,ジャイアント黒蔵強襲 !!!(旧)
24006,ギガガガ強襲 !(旧)
24007,ギガガガ強襲 !!(旧)
24008,ギガガガ強襲 !!!(旧)
24009,デッカーバチャン強襲 !(旧)
24010,デッカーバチャン強襲 !!(旧)
24011,デッカーバチャン強襲 !!!(旧)
24012,ことよろにゃ強襲！(ΦωΦ)
24013,バレンタイン強襲！
24014,イースター強襲！
24015,6月強襲！
24016,続・6月強襲！
24017,7月強襲！
24018,続・7月強襲！
24019,ねこのなつやすみ
24020,ヒュージゴマ強襲
24021,8月強襲！
24022,続・8月強襲！
24023,9月強襲！
24024,続・9月強襲！
24025,10月強襲！
24026,続・10月強襲！
24027,ジャイアント黒蔵強襲
24028,11月強襲！
24029,続・11月強襲！
24030,12月強襲！
24031,続・12月強襲！
24032,1月強襲！
24033,続・1月強襲！
24034,ギガガガ強襲
24035,デッカーバチャン強襲
24036,ことよろにゃ強襲！(ΦωΦ)
24037,大天使エクスエル強襲
24038,ビッグペンZ強襲
24039,2月強襲！
24040,続・2月強襲！
24041,お祭りにゃんこ ～春節編～
24042,ネコたちの逆襲(旧)
24043,3月強襲！
24044,続・3月強襲！
24045,強襲！義理チョコ軍団
24046,4月強襲！
24047,続・4月強襲！
24048,Season1 ～学園生活～
24049,月イベントオールスターズ スター大集合大感謝祭！
24050,5月強襲！
24051,続・5月強襲！
24052,#01「悪霊の式場」
24053,決闘チャレンジ
24054,タッグ闘技チャレンジ
24055,秘宝の眠る孤島
24056,#03 ハロウィン百鬼夜行
24057,第1部 10年の軌跡パレード
24058,第二夜 聖夜のプレゼント配達
24059,ことよろにゃ強襲！(ΦωΦ)
24060,タンクネコたちの逆襲(旧)
24061,オーメンズ強襲
24062,第1章 ネコたちの冒険
24063,ことよろにゃ強襲！(ΦωΦ)
24064,ネコたちの大逆襲
24065,大型土器ダイハニワン強襲
24066,わんわん王国の異変
24067,ねこのなつやすみ サバイバル (旧)
24068,#01 ゴーストパニック
24069,ことよろにゃ強襲！(ΦωΦ)
24070,特売バトルロード
24071,ねこのなつやすみ　サバイバル
24072,島を守りし者強襲！
24073,ねこのなつやすみ パラダイス
24074,1億1111万ダウンロード記念 セレブレーション！
24075,第2話 悪の巨顔
24076,第3話 黒き貴婦人 (旧)
24077,ことよろにゃ強襲！(ΦωΦ)
24078,ネコたちの大逆襲
24079,強襲！いたずらウッディ
24080,第3話 黒き貴婦人

25000,アテイム古戦場
25001,ビタミン渓谷
25002,にゃんチケ★ハンター
25003,精神と時間の小屋
25004,精神と時間の洞窟
25005,精神と時間の迷宮
25006,ねこの目洞窟
25007,ビタミン火山
25008,にゃんチケ★ハンターG
25009,紅き本能の起源
25010,紅き本能の頂
25011,紅き本能の秘境
25012,浮ける本能の起源
25013,浮ける本能の頂
25014,浮ける本能の秘境
25015,黒き本能の起源
25016,黒き本能の頂
25017,黒き本能の秘境
25018,聖なる本能の起源
25019,聖なる本能の頂
25020,聖なる本能の秘境
25021,蒼き本能の起源
25022,蒼き本能の頂
25023,蒼き本能の秘境
25024,朽ちた本能の起源
25025,朽ちた本能の頂
25026,朽ちた本能の秘境
25027,硬き本能の起源
25028,硬き本能の頂
25029,硬き本能の秘境
25030,おんぼろ秘密基地
25031,イケてる秘密基地
25032,かんぺきな秘密基地
25033,紅き本能の起源
25034,紅き本能の頂
25035,紅き本能の秘境
25036,浮ける本能の起源
25037,浮ける本能の頂
25038,浮ける本能の秘境
25039,黒き本能の起源
25040,黒き本能の頂
25041,黒き本能の秘境
25042,聖なる本能の起源
25043,聖なる本能の頂
25044,聖なる本能の秘境
25045,朽ちた本能の起源
25046,朽ちた本能の頂
25047,朽ちた本能の秘境
25048,蒼き本能の起源
25049,蒼き本能の頂
25050,蒼き本能の秘境
25051,おんぼろ秘密基地
25052,おんぼろ秘密基地
25053,おんぼろ秘密基地
25054,イケてる秘密基地
25055,イケてる秘密基地
25056,イケてる秘密基地
25057,かんぺきな秘密基地
25058,かんぺきな秘密基地
25059,かんぺきな秘密基地
25060,狩人の地図Ⅰ
25061,狩人の地図Ⅱ
25062,狩人の地図Ⅲ
25063,悪しき本能の起源
25064,悪しき本能の頂
25065,悪しき本能の秘境
25066,狩人の地図Ⅳ
25067,古き本能の起源
25068,古き本能の頂
25069,古き本能の秘境
25070,再会の地図
25071,再会の地図
25072,再会の地図
26000,地図グループ0
26001,地図グループ1
26002,地図グループ2
26003,地図グループ3
26004,地図グループ4
26005,地図グループ5
26006,地図グループ6
26007,地図グループ7
26008,地図グループ8
26012,地図グループ12
26013,地図グループ13
26014,地図グループ14
26015,地図グループ15
26016,地図グループ16
26017,地図グループ17
26018,地図グループ18
27000,メシエ 強襲！
27001,U.F.O.軍団 強襲！
27002,悪魔軍 強襲 !
27003,天使軍 強襲 !
27004,強襲のメルクストーリア
27005,強襲！電子の歌姫
27006,強襲！電子の歌姫(韓国版)
27007,使徒強襲
27008,強襲！らんま１/２
27009,ワルプルギスの夜
27010,めざせＧＩ にゃんこ競馬
27011,強襲！城とドラゴン
27012,強襲！らんま1/2
27013,ハマンボ崎あゆみ　強襲！
27014,サーヴァント強襲！
27015,強襲！メタルスラッグ
27016,強襲！神魔の塔
27017,強襲！御頭・四乃森蒼紫
27018,VS花山薫
27019,VS愚地克巳
27020,VS烈海王
27021,VSジャック・ハンマー
27022,VS範馬刃牙
27023,ラジカルハイウェイ
27024,エヴァ量産機強襲
27025,強襲！猗窩座との戦い
28068,チビガウ 第3形態進化権
28112,ノノ 第3形態進化権
28120,ワイバーン 第3形態進化権
28189,ミスティカ 第3形態進化権
28223,ヒュージハーミット 第3形態進化権
28224,ジュピターキング 第3形態進化権
28225,モーデン元帥 第3形態進化権
28226,ハイ・ドゥ 第3形態進化権
28258,天空神ゼウス 第3形態進化権
28259,守護神アヌビス 第3形態進化権
28260,美女神アフロディーテ 第3形態進化権
28272,太陽神アマテラス 第3形態進化権
28273,繁栄神ガネーシャ 第3形態進化権
28289,鹿目まどか 第3形態進化権
28290,暁美ほむら 第3形態進化権
28291,ベベ 第3形態進化権
28317,海王神ポセイドン 第3形態進化権
28410,ちびレイ 第3形態進化権
28414,エヴァ初号機 第3形態進化権
28440,時空神クロノス 第3形態進化権
28441,ベベ 第3形態進化権
28457,間桐 桜 第3形態進化権
28472,ヘラクライスト 第3形態進化権
28473,ネロ魔身 第3形態進化権
28483,幸せを願った少年ソウマ 第3形態進化権
28489,空中艦艇ネコヴンダー 第3形態進化権
28507,アイウォルツ 第3形態進化権
28512,リュウ 第3形態進化権
28518,ケン 第3形態進化権
28535,冥界神ハデス 第3形態進化権
28568,チビクロプスネコタマゴ 第3形態進化権
30000,魔界編
31000,ガープラ密林
31001,アシビニ砂漠
31002,ジャンフォレ火山
33000,地底迷宮 グランドアビス
34000,ゼロフィールド
34001,時空の最果て
34002,バリチッチ盆地
34003,ウルルブ島滞在記
34004,新世界アリ＝エヘン
34005,われら海の猫
34006,対極にある真実
34007,デシリットル湾の魔物
34008,枯れた思考の庭
34009,異空行路の先に
34010,イトコンバレー
34011,カルメ桃源郷
34012,隠されしモルモ島
34013,行楽地デラ・コスパ
34014,ゆらぎの禁制区域
34015,豪華客船ハイパニック
34016,アンガード大魔宮
34017,遊園森林ガングール
34018,ニュータウン海淵
34019,万物誘う真理の大渦
34020,新たな時を刻む旅路
34021,甘味自然公園
34022,リバース聖墓
34023,眠りの深淵
34024,忘却共和国
34025,ブック列島
34026,虚栄カンパニー
34027,マジカ幻想郷
34028,マッスルエンパイア
36000,異次元コロシアム[おこづかい制]
36001,異次元コロシアム[生産スピード統一]
36002,異次元コロシアム[レア度代表戦]
36003,異次元コロシアム[ワンコイン]
36004,異次元コロシアム[特売セール　激レア]
36005,異次元コロシアム[生産キャラ数制限]
36006,異次元コロシアム[生産スピード統一]
36007,異次元コロシアム[超特売セール　EX]
36008,異次元コロシアム[プラスワン 超激レア]
36009,異次元コロシアム[レア度代表戦]
36010,異次元コロシアム[にゃんこ砲超強化]
36011,異次元コロシアム[等速直線運動]
36012,異次元コロシアム[プラスワン EX]
36013,異次元コロシアム[限定超特売 超激レア]
36014,異次元コロシアム[現品限り]
36015,異次元コロシアム[給料日]
36016,異次元コロシアム[二束三文]
36017,異次元コロシアム[大勝負]
36018,異次元コロシアム[等速直線運動]
36019,異次元コロシアム[にゃんこ砲超強化]
36020,異次元コロシアム[限定超特売 超激レア]
36021,異次元コロシアム[ハイスピード]
37000,にゃんこ道検定 初段
37001,にゃんこ道検定 二段
37002,にゃんこ道検定 三段
37003,にゃんこ道検定 四段
37004,にゃんこ道検定 五段
37005,にゃんこ道検定 六段
37006,にゃんこ道検定 七段
37007,にゃんこ道検定 八段
37008,にゃんこ道検定 九段
37009,にゃんこ道検定 十段
37010,にゃんこ道検定 十一段
37011,にゃんこ道検定 十二段
38000,宇宙編第3章（ゾンビフィリバスター）
